Rk,Player,Age,Team,Lg,WAR,W,L,W-L%,ERA,G,GS,GF,CG,SHO,SV,IP,H,R,ER,HR,BB,IBB,SO,HBP,BK,WP,BF,ERA+,FIP,WHIP,H9,HR9,BB9,SO9,SO/BB,All_Star
8,Adri�n Morej�n*,26,SDP,NL,2.4,13,6,0.684,2.08,75,0,9,0,0,3,73.2,49,23,17,2,17,3,70,0,0,2,286,206,2.28,0.896,6,0.2,2.1,8.6,4.12,Yes
34,Robert Suarez,34,SDP,NL,2.3,4,6,0.4,2.97,70,0,56,0,0,40,69.2,47,24,23,6,16,2,75,2,0,1,269,144,2.88,0.904,6.1,0.8,2.1,9.7,4.69,Yes
54,Carlos Est�vez,32,KCR,AL,2.1,4,5,0.444,2.45,67,0,57,0,0,42,66,48,22,18,5,22,6,54,4,1,2,269,168,3.67,1.061,6.5,0.7,3,7.4,2.45,Yes
57,Aroldis Chapman*,37,BOS,AL,3.5,5,3,0.625,1.17,67,0,43,0,0,32,61.1,28,9,8,3,15,0,85,0,0,6,228,351,1.73,0.701,4.1,0.4,2.2,12.5,5.67,Yes
65,Jason Adam,33,SDP,NL,2.4,8,4,0.667,1.93,65,0,4,0,0,0,65.1,50,18,14,4,25,3,70,3,0,3,270,222,3.07,1.148,6.9,0.6,3.4,9.6,2.8,Yes
75,Andr�s Mu�oz,26,SEA,AL,2.4,3,3,0.5,1.73,64,0,47,0,0,38,62.1,36,18,12,2,28,3,83,4,0,7,254,219,2.43,1.027,5.2,0.3,4,12,2.96,Yes
82,Edwin D�az,31,NYM,NL,3,6,3,0.667,1.63,62,0,48,0,0,28,66.1,37,14,12,4,21,0,98,8,0,7,258,248,2.28,0.874,5,0.5,2.8,13.3,4.67,Yes
135,Randy Rodr�guez,25,SFG,NL,1.9,3,5,0.375,1.78,50,0,15,0,0,4,50.2,34,12,10,4,11,0,67,4,0,2,198,225,2.41,0.888,6,0.7,2,11.9,6.09,Yes
136,Trevor Megill,31,MIL,NL,1.5,6,3,0.667,2.49,50,0,44,0,0,30,47,36,16,13,3,17,3,60,0,0,2,192,168,2.5,1.128,6.9,0.6,3.3,11.5,3.53,Yes
147,Josh Hader*,31,HOU,AL,2.3,6,2,0.75,2.05,48,0,41,0,0,28,52.2,29,16,12,8,16,1,76,2,0,2,206,205,3.25,0.854,5,1.4,2.7,13,4.75,Yes
198,Logan Webb,28,SFG,NL,3.9,15,11,0.577,3.22,34,34,0,0,0,0,207,210,82,74,14,46,0,224,6,0,2,856,124,2.6,1.237,9.1,0.6,2,9.7,4.87,Yes
205,Carlos Rod�n*,32,NYY,AL,4.6,18,9,0.667,3.09,33,33,0,0,0,0,195.1,132,74,67,22,73,0,203,9,0,4,789,132,3.78,1.049,6.1,1,3.4,9.4,2.78,Yes
208,Yusei Kikuchi*,34,LAA,AL,3.3,7,11,0.389,3.99,33,33,0,0,0,0,178.1,180,87,79,24,74,3,174,3,0,8,772,107,4.23,1.424,9.1,1.2,3.7,8.8,2.35,Yes
209,Freddy Peralta,29,MIL,NL,5.5,17,6,0.739,2.7,33,33,0,0,0,0,176.2,124,54,53,21,66,0,204,9,2,4,723,154,3.65,1.075,6.3,1.1,3.4,10.4,3.09,Yes
224,Garrett Crochet*,26,BOS,AL,6.3,18,5,0.783,2.59,32,32,0,1,1,0,205.1,165,62,59,24,46,0,255,3,3,7,814,159,2.89,1.028,7.2,1.1,2,11.2,5.54,Yes
226,Max Fried*,31,NYY,AL,4.5,19,5,0.792,2.86,32,32,0,0,0,0,195.1,164,73,62,14,51,0,189,10,1,8,801,142,3.07,1.101,7.6,0.6,2.3,8.7,3.71,Yes
228,Paul Skenes,23,PIT,NL,7.6,10,10,0.5,1.97,32,32,0,1,0,0,187.2,136,45,41,11,42,0,216,6,0,2,733,217,2.36,0.948,6.5,0.5,2,10.4,5.14,Yes
232,Robbie Ray*,33,SFG,NL,2.8,11,8,0.579,3.65,32,32,0,1,0,0,182.1,148,81,74,22,73,0,186,4,1,7,755,109,3.93,1.212,7.3,1.1,3.6,9.2,2.55,Yes
249,Tarik Skubal*,28,DET,AL,6.6,13,6,0.684,2.21,31,31,0,1,1,0,195.1,141,55,48,18,33,0,241,5,2,3,748,187,2.45,0.891,6.5,0.8,1.5,11.1,7.3,Yes
251,Hunter Brown,26,HOU,AL,6.1,12,9,0.571,2.43,31,31,0,1,0,0,185.1,133,55,50,17,57,1,206,7,1,0,729,172,3.14,1.025,6.5,0.8,2.8,10,3.61,Yes
254,Matthew Boyd*,34,CHC,NL,2.6,14,8,0.636,3.21,31,31,0,0,0,0,179.2,154,69,64,19,42,0,154,9,0,2,718,120,3.65,1.091,7.7,1,2.1,7.7,3.67,Yes
258,Joe Ryan,29,MIN,AL,4.5,13,10,0.565,3.42,31,30,0,0,0,0,171,138,69,65,26,39,0,194,12,2,0,689,125,3.74,1.035,7.3,1.4,2.1,10.2,4.97,Yes
270,Drew Rasmussen,29,TBR,AL,4.5,10,5,0.667,2.76,31,31,0,0,0,0,150,116,47,46,18,37,1,127,5,0,3,585,149,3.84,1.02,7,1.1,2.2,7.6,3.43,Yes
276,Bryan Woo,25,SEA,AL,4.3,15,7,0.682,2.94,30,30,0,0,0,0,186.2,137,64,61,26,36,0,198,4,0,3,731,128,3.47,0.927,6.6,1.3,1.7,9.5,5.5,Yes
277,Yoshinobu Yamamoto,26,LAD,NL,5,12,8,0.6,2.49,30,30,0,0,0,0,173.2,113,53,48,14,59,0,201,3,0,5,684,167,2.94,0.99,5.9,0.7,3.1,10.4,3.41,Yes
278,Jacob deGrom,37,TEX,AL,2.9,12,8,0.6,2.97,30,30,0,0,0,0,172.2,122,57,57,26,37,0,185,3,0,3,669,123,3.65,0.921,6.4,1.4,1.9,9.6,5,Yes
279,David Peterson*,29,NYM,NL,1.4,9,6,0.6,4.22,30,30,0,1,1,0,168.2,166,84,79,11,65,1,150,7,1,3,723,95,3.49,1.37,8.9,0.6,3.5,8,2.31,Yes
280,MacKenzie Gore*,26,WSN,NL,3,5,15,0.25,4.17,30,30,0,0,0,0,159.2,152,75,74,20,64,0,185,5,0,12,680,98,3.74,1.353,8.6,1.1,3.6,10.4,2.89,Yes
293,Andrew Abbott*,26,CIN,NL,5.6,10,7,0.588,2.87,29,29,0,1,1,0,166.1,148,60,53,19,43,0,149,3,0,4,684,159,3.66,1.148,8,1,2.3,8.1,3.47,Yes
301,Shane Smith,25,CHW,AL,2.4,7,8,0.467,3.81,29,29,0,0,0,0,146.1,117,70,62,17,58,1,145,12,0,8,616,110,4.1,1.196,7.2,1,3.6,8.9,2.5,Yes
308,Casey Mize,28,DET,AL,1.7,14,6,0.7,3.87,28,28,0,0,0,0,149,153,68,64,21,36,1,139,3,0,2,627,107,3.89,1.268,9.2,1.3,2.2,8.4,3.86,Yes
356,Zack Wheeler,35,PHI,NL,5,10,5,0.667,2.71,24,24,0,1,0,0,149.2,107,48,45,19,33,0,195,8,0,2,585,163,3,0.935,6.4,1.1,2,11.7,5.91,Yes
372,Clayton Kershaw*,37,LAD,NL,1.6,11,2,0.846,3.36,23,22,0,0,0,0,112.2,102,46,42,8,35,0,84,2,1,5,463,124,3.55,1.216,8.1,0.6,2.8,6.7,2.4,Yes
401,Chris Sale*,36,ATL,NL,3.9,7,5,0.583,2.58,21,20,0,0,0,0,125.2,102,38,36,11,32,0,165,11,0,3,510,161,2.67,1.066,7.3,0.8,2.3,11.8,5.16,Yes
414,Kris Bubic*,27,KCR,AL,3.1,8,7,0.533,2.55,20,20,0,0,0,0,116.1,98,38,33,6,39,1,116,3,0,1,476,161,2.9,1.178,7.6,0.5,3,9,2.97,Yes
477,Jacob Misiorowski,23,MIL,NL,0.5,5,3,0.625,4.36,15,14,0,0,0,0,66,51,34,32,8,31,0,87,3,0,1,273,95,3.62,1.242,7,1.1,4.2,11.9,2.81,Yes
496,Shohei Ohtani,30,LAD,NL,1.1,1,1,0.5,2.87,14,14,0,0,0,0,47,40,15,15,3,9,0,62,0,0,10,188,145,1.9,1.043,7.7,0.6,1.7,11.9,6.89,Yes
1,Tyler Rogers,34,2TM,NL,2.4,4,6,0.4,1.98,81,0,13,0,0,0,77.1,66,20,17,4,7,0,48,1,0,0,299,203,2.88,0.944,7.7,0.5,0.8,5.6,6.86,No
2,Tony Santillan,28,CIN,NL,3,1,5,0.167,2.44,80,0,16,0,0,7,73.2,53,23,20,7,29,0,75,5,0,4,301,188,3.72,1.113,6.5,0.9,3.5,9.2,2.59,No
3,Brendon Little*,28,TOR,AL,1.1,4,2,0.667,3.03,79,0,4,0,0,1,68.1,48,28,23,2,45,4,91,2,1,7,295,141,2.92,1.361,6.3,0.3,5.9,12,2.02,No
4,Jeremiah Estrada,26,SDP,NL,1.2,4,5,0.444,3.45,77,0,7,0,0,3,73,58,31,28,12,27,2,108,3,0,3,304,124,3.55,1.164,7.2,1.5,3.3,13.3,4,No
5,Cade Smith,26,CLE,AL,0.9,8,5,0.615,2.93,76,0,30,0,0,16,73.2,55,31,24,4,19,3,104,4,2,3,300,143,1.96,1.005,6.7,0.5,2.3,12.7,5.47,No
6,Gabe Speier*,30,SEA,AL,1.4,4,3,0.571,2.61,76,0,4,0,0,0,62,43,19,18,5,11,1,82,5,0,1,243,145,2.31,0.871,6.2,0.7,1.6,11.9,7.45,No
7,Abner Uribe,25,MIL,NL,2.7,3,2,0.6,1.67,75,0,15,0,0,7,75.1,51,18,14,4,27,2,90,6,1,5,298,249,2.75,1.035,6.1,0.5,3.2,10.8,3.33,No
9,Scott Barlow,32,CIN,NL,0.7,6,3,0.667,4.21,75,1,8,0,0,1,68.1,50,35,32,8,45,3,75,6,0,2,303,109,4.7,1.39,6.6,1.1,5.9,9.9,1.67,No
10,Louis Varland,27,2TM,AL,1.7,4,3,0.571,2.97,74,1,8,0,0,0,72.2,65,27,24,6,22,1,75,2,0,0,296,145,3.14,1.197,8.1,0.7,2.7,9.3,3.41,No
11,Dylan Lee*,30,ATL,NL,1,2,4,0.333,3.29,74,0,6,0,0,2,68.1,53,27,25,13,14,1,76,0,3,3,266,126,4,0.98,7,1.7,1.8,10,5.43,No
12,John Schreiber,31,KCR,AL,0.5,3,3,0.5,3.8,74,0,8,0,0,1,64,57,29,27,10,19,1,62,1,0,2,265,108,4.17,1.188,8,1.4,2.7,8.7,3.26,No
13,Eduard Bazardo,29,SEA,AL,1.8,5,0,1,2.52,73,0,18,0,0,0,78.2,53,23,22,9,27,2,82,2,0,2,313,150,3.64,1.017,6.1,1,3.1,9.4,3.04,No
14,Tyler Kinley,34,2TM,NL,1.4,6,3,0.667,3.96,73,0,20,0,0,3,72.2,53,35,32,6,33,4,73,3,1,6,308,117,3.69,1.183,6.6,0.7,4.1,9,2.21,No
15,Hoby Milner*,34,TEX,AL,-0.6,3,4,0.429,3.84,73,0,10,0,0,0,70.1,68,35,30,5,21,3,58,2,0,0,293,95,3.39,1.265,8.7,0.6,2.7,7.4,2.76,No
16,Bryan Baker,30,2TM,AL,0.4,4,4,0.5,4.06,73,0,12,0,0,3,68.2,59,33,31,13,17,0,83,0,0,2,274,101,3.92,1.107,7.7,1.7,2.2,10.9,4.88,No
17,Hunter Gaddis,27,CLE,AL,1.1,2,2,0.5,3.11,73,0,8,0,0,3,66.2,58,24,23,8,21,2,73,1,0,2,274,135,3.5,1.185,7.8,1.1,2.8,9.9,3.48,No
18,Griffin Jax,30,2TM,AL,0.5,1,7,0.125,4.23,73,2,6,0,0,0,66,64,33,31,7,21,3,99,1,0,0,283,101,2.51,1.288,8.7,1,2.9,13.5,4.71,No
19,Jose A. Ferrer*,25,WSN,NL,0.1,4,4,0.5,4.48,72,0,18,0,0,11,76.1,81,41,38,5,16,1,71,7,0,6,324,92,3.03,1.271,9.6,0.6,1.9,8.4,4.44,No
20,Jhoan Duran,27,2TM,2LG,3.2,7,6,0.538,2.06,72,0,55,0,0,32,70,58,19,16,3,19,4,80,3,0,3,287,211,2.35,1.1,7.5,0.4,2.4,10.3,4.21,No
21,Brandon Eisert*,27,CHW,AL,0.4,3,8,0.273,4.39,72,3,14,0,0,2,69.2,75,36,34,12,25,6,74,5,1,3,306,96,4.54,1.435,9.7,1.6,3.2,9.6,2.96,No
22,Greg Weissert,30,BOS,AL,1.1,6,6,0.5,2.82,72,0,11,0,0,4,67,57,27,21,6,21,1,57,3,0,1,278,146,3.67,1.164,7.7,0.8,2.8,7.7,2.71,No
23,Jared Koenig*,31,MIL,NL,1.6,6,1,0.857,2.86,72,0,8,0,0,2,66,57,21,21,6,20,1,68,4,0,1,268,145,3.35,1.167,7.8,0.8,2.7,9.3,3.4,No
24,Shawn Armstrong,34,TEX,AL,1.5,4,3,0.571,2.31,71,2,22,0,0,9,74,40,21,19,5,20,0,74,6,0,3,284,159,3.07,0.811,4.9,0.6,2.4,9,3.7,No
25,Wandy Peralta*,33,SDP,NL,1.1,6,1,0.857,3.14,71,1,17,0,0,0,71.2,66,29,25,5,30,3,63,2,1,1,313,137,3.62,1.34,8.3,0.6,3.8,7.9,2.1,No
26,Jeff Hoffman,32,TOR,AL,0.5,9,7,0.563,4.37,71,0,59,0,0,33,68,54,34,33,15,27,1,84,4,0,2,287,98,4.9,1.191,7.1,2,3.6,11.1,3.11,No
27,Anthony Banda*,31,LAD,NL,0.9,5,1,0.833,3.18,71,1,15,0,0,0,65,45,23,23,8,34,6,61,2,0,7,268,131,4.52,1.215,6.2,1.1,4.7,8.4,1.79,No
28,Robert Garcia*,29,TEX,AL,0.4,4,8,0.333,2.95,71,0,25,0,0,9,64,58,26,21,8,22,2,68,1,1,1,269,124,3.71,1.25,8.2,1.1,3.1,9.6,3.09,No
29,Tyler Holton*,29,DET,AL,0.8,6,5,0.545,3.66,70,6,6,0,0,0,78.2,65,34,32,15,17,1,64,0,0,3,312,113,4.64,1.042,7.4,1.7,1.9,7.3,3.76,No
30,Carlos Vargas,25,SEA,AL,0,5,5,0.5,3.97,70,0,10,0,0,1,77,81,39,34,10,23,4,54,7,1,5,331,95,4.59,1.351,9.5,1.2,2.7,6.3,2.35,No
31,Edwin Uceta,27,TBR,AL,0.7,10,3,0.769,3.79,70,0,11,0,0,1,76,62,33,32,11,27,3,103,8,3,0,321,109,3.69,1.171,7.3,1.3,3.2,12.2,3.81,No
32,Bryan Abreu,28,HOU,AL,2.6,3,4,0.429,2.28,70,0,19,0,0,7,71,51,18,18,4,31,0,105,4,0,4,296,184,2.39,1.155,6.5,0.5,3.9,13.3,3.39,No
33,Dennis Santana,29,PIT,NL,2.7,4,5,0.444,2.18,70,0,34,0,0,16,70.1,44,18,17,5,17,0,60,3,0,0,270,197,3.21,0.867,5.6,0.6,2.2,7.7,3.53,No
35,Emilio Pag�n,34,CIN,NL,2,2,4,0.333,2.88,70,0,56,0,0,32,68.2,41,26,22,10,22,0,81,2,1,1,270,159,3.72,0.917,5.4,1.3,2.9,10.6,3.68,No
36,Raisel Iglesias,35,ATL,NL,1.3,4,6,0.4,3.21,70,0,57,0,0,29,67.1,51,25,24,8,16,2,73,2,0,0,266,130,3.31,0.995,6.8,1.1,2.1,9.8,4.56,No
37,Tim Hill*,35,NYY,AL,1.1,4,4,0.5,3.09,70,0,18,0,0,0,67,58,27,23,8,16,3,37,0,0,1,269,132,4.3,1.104,7.8,1.1,2.1,5,2.31,No
38,Caleb Ferguson*,28,2TM,2LG,0.9,5,4,0.556,3.58,70,0,4,0,0,0,65.1,54,27,26,2,22,3,51,6,0,1,270,116,3.26,1.163,7.4,0.3,3,7,2.32,No
39,Gregory Soto*,30,2TM,2LG,-0.1,1,5,0.167,4.18,70,0,13,0,0,1,60.1,62,33,28,4,24,1,70,11,0,10,279,97,3.42,1.425,9.2,0.6,3.6,10.4,2.92,No
40,Ronny Henriquez,25,MIA,NL,2.3,7,1,0.875,2.22,69,0,9,0,0,7,73,53,23,18,8,27,2,98,4,2,2,303,199,3.15,1.096,6.5,1,3.3,12.1,3.63,No
41,Cole Sands,27,MIN,AL,0.4,4,6,0.4,4.5,69,3,18,0,0,3,72,65,41,36,7,19,2,64,4,0,3,299,95,3.58,1.167,8.1,0.9,2.4,8,3.37,No
42,Tanner Banks*,33,PHI,NL,1.7,6,2,0.75,3.07,69,1,10,0,0,1,67.1,56,24,23,9,12,1,61,1,0,2,267,144,3.64,1.01,7.5,1.2,1.6,8.2,5.08,No
43,Camilo Doval,27,2TM,2LG,0.3,4,3,0.571,3.58,69,0,37,0,0,16,65.1,51,34,26,4,35,1,72,3,4,4,278,113,3.47,1.316,7,0.6,4.8,9.9,2.06,No
44,�ngel Zerpa*,25,KCR,AL,0.3,5,2,0.714,4.18,69,2,4,0,0,0,64.2,67,30,30,7,22,0,58,2,1,1,275,99,3.86,1.376,9.3,1,3.1,8.1,2.64,No
45,Brock Burke*,28,LAA,AL,1.5,7,1,0.875,3.36,69,1,14,0,0,0,61.2,58,24,23,8,18,4,52,3,1,0,257,128,4.16,1.232,8.5,1.2,2.6,7.6,2.89,No
46,Orion Kerkering,24,PHI,NL,0.9,8,4,0.667,3.3,69,0,12,0,0,4,60,55,28,22,6,27,3,65,4,0,5,266,134,3.82,1.367,8.3,0.9,4.1,9.8,2.41,No
47,Steven Okert*,33,HOU,AL,1.5,3,2,0.6,3.01,68,1,7,0,0,1,71.2,45,25,24,6,19,1,84,2,0,0,276,139,2.76,0.893,5.7,0.8,2.4,10.5,4.42,No
48,Brad Keller,29,CHC,NL,1.5,4,2,0.667,2.07,68,1,12,0,0,3,69.2,45,18,16,4,22,0,75,6,0,1,276,187,2.94,0.962,5.8,0.5,2.8,9.7,3.41,No
49,Bryan King*,28,HOU,AL,1.7,5,4,0.556,2.78,68,0,11,0,0,2,68,60,21,21,10,11,0,69,4,0,3,275,151,3.68,1.044,7.9,1.3,1.5,9.1,6.27,No
50,Jordan Leasure,26,CHW,AL,0.7,5,6,0.455,3.92,68,1,17,0,0,7,64.1,49,30,28,12,30,1,81,1,0,3,269,107,4.49,1.228,6.9,1.7,4.2,11.3,2.7,No
51,Ryan Walker,29,SFG,NL,0.1,5,7,0.417,4.11,68,0,36,0,0,17,61.1,60,32,28,4,18,2,60,8,2,1,266,97,3.3,1.272,8.8,0.6,2.6,8.8,3.33,No
52,Alex Vesia*,29,LAD,NL,1.1,4,2,0.667,3.02,68,0,11,0,0,5,59.2,37,21,20,9,22,3,80,5,0,3,237,138,3.77,0.989,5.6,1.4,3.3,12.1,3.64,No
53,Jack Dreyer*,26,LAD,NL,1.3,3,2,0.6,2.95,67,5,14,0,0,4,76.1,56,26,25,4,24,5,74,0,0,1,307,141,2.82,1.048,6.6,0.5,2.8,8.7,3.08,No
55,Seranthony Dom�nguez,30,2TM,AL,0.5,4,4,0.5,3.16,67,0,15,0,0,2,62.2,44,30,22,5,36,2,79,2,0,12,261,131,3.47,1.277,6.3,0.7,5.2,11.3,2.19,No
56,Devin Williams,30,NYY,AL,-0.3,4,6,0.4,4.79,67,0,29,0,0,18,62,45,37,33,5,25,1,90,4,0,4,259,85,2.68,1.129,6.5,0.7,3.6,13.1,3.6,No
58,Garrett Cleavinger*,31,TBR,AL,1.9,2,6,0.25,2.35,67,0,9,0,0,2,61.1,40,17,16,9,18,0,82,7,0,1,243,175,3.59,0.946,5.9,1.3,2.6,12,4.56,No
59,Caleb Thielbar*,38,CHC,NL,1.1,3,4,0.429,2.64,67,0,4,0,0,1,58,38,17,17,5,13,1,56,0,0,0,220,147,3,0.879,5.9,0.8,2,8.7,4.31,No
60,Yariel Rodr�guez,28,TOR,AL,1.4,3,2,0.6,3.08,66,1,17,0,0,2,73,50,26,25,8,34,3,66,6,2,2,298,139,4.4,1.151,6.2,1,4.2,8.1,1.94,No
61,Grant Anderson,28,MIL,NL,0.3,2,6,0.25,3.23,66,0,19,0,0,0,69.2,59,35,25,8,29,3,74,2,0,0,299,129,3.84,1.263,7.6,1,3.7,9.6,2.55,No
62,Tommy Kahnle,35,DET,AL,-0.1,1,5,0.167,4.43,66,0,16,0,0,9,63,51,32,31,8,31,0,50,1,0,3,267,94,4.72,1.302,7.3,1.1,4.4,7.1,1.61,No
63,Matt Strahm*,33,PHI,NL,2,2,3,0.4,2.74,66,0,19,0,0,6,62.1,47,22,19,5,20,1,70,2,0,3,256,161,2.99,1.075,6.8,0.7,2.9,10.1,3.5,No
64,Enyel De Los Santos,29,2TM,2LG,0.1,6,3,0.667,4.36,65,0,9,0,0,0,66,61,35,32,7,24,2,62,2,1,2,280,96,3.82,1.288,8.3,1,3.3,8.5,2.58,No
66,JoJo Romero*,28,STL,NL,1.7,4,6,0.4,2.07,65,0,16,0,0,8,61,47,21,14,2,29,5,55,2,0,2,255,200,3.28,1.246,6.9,0.3,4.3,8.1,1.9,No
67,Calvin Faucher,29,MIA,NL,0.8,4,4,0.5,3.28,65,0,29,0,0,15,60.1,53,27,22,8,24,0,59,3,0,2,255,135,4.25,1.276,7.9,1.2,3.6,8.8,2.46,No
68,Pierce Johnson,34,ATL,NL,1.1,3,3,0.5,3.05,65,0,13,0,0,1,59,52,21,20,8,19,2,59,1,0,2,238,137,3.92,1.203,7.9,1.2,2.9,9,3.11,No
69,Yennier Cano,31,BAL,AL,-0.4,3,7,0.3,5.12,65,0,11,0,0,2,58,62,36,33,7,24,1,53,3,1,2,251,79,4.27,1.483,9.6,1.1,3.7,8.2,2.21,No
70,Ryne Stanek,33,NYM,NL,-1,4,6,0.4,5.3,65,0,17,0,0,3,56,56,39,33,7,32,0,58,0,0,5,255,76,4.4,1.571,9,1.1,5.1,9.3,1.81,No
71,Will Vest,30,DET,AL,1.7,6,5,0.545,3.01,64,0,40,0,0,23,68.2,61,26,23,4,22,1,75,1,0,4,284,138,2.71,1.209,8,0.5,2.9,9.8,3.41,No
72,Luke Weaver,31,NYY,AL,0.8,4,4,0.5,3.62,64,0,17,0,0,8,64.2,46,28,26,10,20,1,72,1,0,1,262,113,3.89,1.021,6.4,1.4,2.8,10,3.6,No
73,Keegan Akin*,30,BAL,AL,0.9,5,4,0.556,3.41,64,3,18,0,0,8,63.1,54,28,24,10,33,2,59,1,0,2,268,118,4.94,1.374,7.7,1.4,4.7,8.4,1.79,No
74,David Bednar,30,2TM,2LG,2.2,6,5,0.545,2.3,64,0,51,0,0,27,62.2,46,18,16,4,19,2,86,1,0,4,251,184,2.18,1.037,6.6,0.6,2.7,12.4,4.53,No
76,Jackson Rutledge,26,WSN,NL,-0.5,4,2,0.667,5.77,63,0,17,0,0,0,73.1,87,49,47,16,24,0,65,7,0,6,330,71,5.47,1.514,10.7,2,2.9,8,2.71,No
77,Phil Maton,32,2TM,2LG,1.3,4,5,0.444,2.79,63,0,22,0,0,5,61.1,42,21,19,3,23,2,81,7,0,1,248,143,2.6,1.06,6.2,0.4,3.4,11.9,3.52,No
78,Nick Mears,28,MIL,NL,0.5,5,3,0.625,3.49,63,0,4,0,0,1,56.2,42,25,22,7,13,1,46,1,0,2,221,119,3.86,0.971,6.7,1.1,2.1,7.3,3.54,No
79,Matt Festa,32,CLE,AL,-0.2,5,4,0.556,4.12,63,0,5,0,0,0,54.2,44,29,25,4,15,2,56,5,1,1,226,102,3.14,1.079,7.2,0.7,2.5,9.2,3.73,No
80,Kyle Leahy,28,STL,NL,1.5,4,2,0.667,3.07,62,1,12,0,0,1,88,80,32,30,5,28,1,80,1,0,5,363,134,3.05,1.227,8.2,0.5,2.9,8.2,2.86,No
81,Garrett Whitlock,29,BOS,AL,2.4,7,3,0.7,2.25,62,0,9,0,0,1,72,54,21,18,2,24,2,91,5,0,3,293,183,2.18,1.083,6.8,0.3,3,11.4,3.79,No
83,Graham Ashcraft,27,CIN,NL,0.3,8,5,0.615,3.99,62,0,5,0,0,0,65.1,68,37,29,2,25,0,64,0,0,5,284,115,2.72,1.423,9.4,0.3,3.4,8.8,2.56,No
84,Kenley Jansen,37,LAA,AL,2.4,5,4,0.556,2.59,62,0,47,0,0,29,59,37,18,17,8,19,2,57,1,3,0,234,165,3.98,0.949,5.6,1.2,2.9,8.7,3,No
85,Ryan Zeferjahn,27,LAA,AL,0.6,6,5,0.545,4.74,62,1,7,0,0,2,57,49,31,30,12,35,3,73,4,0,3,257,90,5.36,1.474,7.7,1.9,5.5,11.5,2.09,No
86,Reid Detmers*,25,LAA,AL,1.3,5,3,0.625,3.96,61,0,7,0,0,3,63.2,58,29,28,6,25,4,80,2,0,2,266,108,3.12,1.304,8.2,0.8,3.5,11.3,3.2,No
87,Yuki Matsui*,29,SDP,NL,0.6,3,1,0.75,3.98,61,0,19,0,0,1,63.1,53,29,28,10,33,2,61,1,0,5,272,108,4.87,1.358,7.5,1.4,4.7,8.7,1.85,No
88,Lucas Erceg,30,KCR,AL,1.5,8,4,0.667,2.64,61,0,10,0,0,2,61.1,54,19,18,4,18,3,48,4,0,3,249,156,3.49,1.174,7.9,0.6,2.6,7,2.67,No
89,Pete Fairbanks,31,TBR,AL,1.2,4,5,0.444,2.83,61,0,48,0,0,27,60.1,45,22,19,7,18,0,59,1,0,2,244,145,3.63,1.044,6.7,1,2.7,8.8,3.28,No
90,Jalen Beeks*,31,ARI,NL,0.9,5,3,0.625,3.77,61,2,10,0,0,1,57.1,42,26,24,6,20,2,47,2,0,1,231,115,4.01,1.081,6.6,0.9,3.1,7.4,2.35,No
91,Tanner Scott*,30,LAD,NL,-0.6,1,4,0.2,4.74,61,0,33,0,0,23,57,54,33,30,11,18,2,60,4,0,2,238,88,4.7,1.263,8.5,1.7,2.8,9.5,3.33,No
92,Justin Wilson*,37,BOS,AL,0.3,4,1,0.8,3.35,61,0,3,0,0,0,48.1,48,22,18,3,20,3,57,2,0,3,207,123,2.95,1.407,8.9,0.6,3.7,10.6,2.85,No
93,Mason Miller,26,2TM,2LG,2.1,1,2,0.333,2.63,60,0,37,0,0,22,61.2,28,19,18,5,28,2,104,1,1,3,234,162,2.23,0.908,4.1,0.7,4.1,15.2,3.71,No
94,Jimmy Herget,31,COL,NL,3,1,2,0.333,2.48,59,0,9,0,0,0,83.1,72,24,23,6,26,1,81,7,2,2,347,196,3.32,1.176,7.8,0.6,2.8,8.7,3.12,No
95,Justin Sterner,28,ATH,AL,1.5,4,3,0.571,3.18,59,1,8,0,0,0,65,47,24,23,10,21,2,70,7,0,1,266,132,4.27,1.046,6.5,1.4,2.9,9.7,3.33,No
96,Rafael Montero,34,3TM,2LG,-0.1,1,2,0.333,4.48,59,0,23,0,0,0,60.1,42,34,30,5,37,2,58,0,0,0,253,94,4.13,1.309,6.3,0.7,5.5,8.7,1.57,No
97,Steven Wilson,30,CHW,AL,1.2,2,2,0.5,3.42,59,0,23,0,0,2,55.1,50,21,21,7,22,2,51,3,0,2,241,123,4.29,1.301,8.1,1.1,3.6,8.3,2.32,No
98,Mark Leiter Jr.,34,NYY,AL,-0.6,6,7,0.462,4.84,59,0,11,0,0,2,48.1,57,31,26,5,17,0,54,4,0,8,219,84,3.55,1.531,10.6,0.9,3.2,10.1,3.18,No
99,Ryan Helsley,30,2TM,NL,0.1,3,4,0.429,4.5,58,0,36,0,0,21,56,61,32,28,8,25,3,63,1,0,7,252,92,4.14,1.536,9.8,1.3,4,10.1,2.52,No
100,Reed Garrett,32,NYM,NL,0.4,3,6,0.333,3.9,58,1,8,0,0,3,55.1,47,27,24,5,26,2,64,1,0,3,238,104,3.46,1.319,7.6,0.8,4.2,10.4,2.46,No
101,Luis Garc�a,38,3TM,2LG,0.8,2,2,0.5,3.42,58,0,15,0,0,2,55.1,55,23,21,2,26,5,48,0,0,9,233,125,3.28,1.464,8.9,0.3,4.2,7.8,1.85,No
102,Daniel Lynch IV*,28,KCR,AL,1.3,6,2,0.75,3.06,57,2,8,0,0,1,67.2,66,24,23,8,26,1,45,6,0,1,289,135,4.76,1.36,8.8,1.1,3.5,6,1.73,No
103,Jakob Junis,32,CLE,AL,0.9,4,1,0.8,2.97,57,0,9,0,0,0,66.2,64,24,22,5,18,2,55,4,0,0,274,141,3.45,1.23,8.6,0.7,2.4,7.4,3.06,No
104,Cole Henry,25,WSN,NL,0.3,1,2,0.333,4.27,57,0,13,0,0,2,52.2,43,27,25,7,32,1,52,11,1,2,241,97,5.34,1.424,7.3,1.2,5.5,8.9,1.63,No
105,Taylor Rogers*,34,2TM,NL,0.4,3,2,0.6,3.38,57,0,8,0,0,0,50.2,47,25,19,7,23,2,53,3,0,0,221,130,4.38,1.382,8.3,1.2,4.1,9.4,2.3,No
106,Drew Pomeranz*,36,CHC,NL,0.9,2,2,0.5,2.17,57,4,11,0,0,1,49.2,38,14,12,5,15,1,57,5,0,1,203,178,3.36,1.067,6.9,0.9,2.7,10.3,3.8,No
107,Mason Montgomery*,25,TBR,AL,-0.9,1,3,0.25,5.67,57,0,11,0,0,1,46,49,32,29,6,27,0,63,1,0,1,209,73,3.92,1.652,9.6,1.2,5.3,12.3,2.33,No
108,Tyler Ferguson,31,ATH,AL,0.2,4,2,0.667,4.66,56,0,10,0,0,2,58,43,32,30,4,34,2,54,4,0,1,246,90,4.14,1.328,6.7,0.6,5.3,8.4,1.59,No
109,Kyle Finnegan,33,2TM,2LG,1,4,4,0.5,3.47,56,0,38,0,0,24,57,45,24,22,4,18,2,55,1,0,6,229,120,3.12,1.105,7.1,0.6,2.8,8.7,3.06,No
110,Jorge Alcala,29,3TM,2LG,-1.1,0,2,0,6.22,56,0,20,0,0,0,55,66,44,38,13,30,1,61,1,2,6,257,68,5.68,1.745,10.8,2.1,4.9,10,2.03,No
111,Jos� Butt�,27,2TM,NL,0.4,5,3,0.625,3.9,55,0,9,0,0,1,67,62,31,29,4,32,2,58,2,1,3,284,104,3.7,1.403,8.3,0.5,4.3,7.8,1.81,No
112,Jacob Webb,31,TEX,AL,0.2,5,4,0.556,3,55,0,9,0,0,1,66,49,24,22,10,19,2,58,2,0,0,267,122,4.3,1.03,6.7,1.4,2.6,7.9,3.05,No
113,Juan Mejia,24,COL,NL,0.6,2,2,0.5,3.96,55,0,16,0,0,1,61.1,52,34,27,6,25,1,68,6,0,2,261,123,3.71,1.255,7.6,0.9,3.7,10,2.72,No
114,Mason Fluharty*,23,TOR,AL,0.1,5,2,0.714,4.44,55,0,7,0,0,1,52.2,36,28,26,6,24,4,56,2,0,1,215,97,3.97,1.139,6.2,1,4.1,9.6,2.33,No
115,Brennan Bernardino*,33,BOS,AL,0.4,4,3,0.571,3.14,55,3,12,0,0,1,51.2,39,23,18,1,26,5,43,3,0,3,224,132,3.41,1.258,6.8,0.2,4.5,7.5,1.65,No
116,Danny Coulombe*,35,2TM,AL,1.4,2,1,0.667,2.3,55,1,10,0,0,2,43,32,11,11,3,18,0,43,0,0,1,176,181,3.3,1.163,6.7,0.6,3.8,9,2.39,No
117,Spencer Bivens,31,SFG,NL,0.2,4,3,0.571,4,54,0,16,0,0,3,81,83,42,36,6,25,1,61,5,0,3,343,100,3.7,1.333,9.2,0.7,2.8,6.8,2.44,No
118,Tyler Phillips,27,MIA,NL,1.8,2,1,0.667,2.78,54,1,19,0,0,4,77.2,65,26,24,8,24,0,52,2,0,6,313,159,4.14,1.146,7.5,0.9,2.8,6,2.17,No
119,Brenan Hanifee,27,DET,AL,0,3,3,0.5,3,54,0,11,0,0,0,60,65,31,20,3,14,2,40,2,0,2,260,139,3.25,1.317,9.8,0.5,2.1,6,2.86,No
120,Justin Topa,34,MIN,AL,0.4,1,5,0.167,3.9,54,1,17,0,0,4,60,68,32,26,2,18,3,49,4,0,0,268,110,3.04,1.433,10.2,0.3,2.7,7.4,2.72,No
121,Andrew Kittredge,35,2TM,2LG,0.6,4,3,0.571,3.4,54,0,17,0,0,5,53,41,22,20,7,11,1,64,0,0,1,208,118,3.06,0.981,7,1.2,1.9,10.9,5.82,No
122,Daniel Palencia,25,CHC,NL,0.6,1,6,0.143,2.91,54,0,38,0,0,22,52.2,44,19,17,5,16,1,61,2,0,2,215,133,3.08,1.139,7.5,0.9,2.7,10.4,3.81,No
123,Tim Herrin*,28,CLE,AL,-0.2,5,4,0.556,4.85,54,0,4,0,0,0,42.2,37,23,23,5,30,2,45,6,0,2,194,87,5.08,1.57,7.8,1.1,6.3,9.5,1.5,No
124,Steven Matz*,34,2TM,2LG,0.9,5,2,0.714,3.05,53,2,4,0,0,2,76.2,73,31,26,8,11,0,59,2,0,3,309,136,3.46,1.096,8.6,0.9,1.3,6.9,5.36,No
125,Lake Bachar,30,MIA,NL,0.7,8,2,0.8,3.93,53,1,12,0,0,3,71,55,34,31,10,30,3,75,3,0,5,296,112,4.25,1.197,7,1.3,3.8,9.5,2.5,No
126,Matt Brash,27,SEA,AL,1,1,3,0.25,2.47,53,0,8,0,0,4,47.1,41,15,13,4,18,2,58,2,0,0,199,154,3.05,1.246,7.8,0.8,3.4,11,3.22,No
127,Tyler Alexander*,30,2TM,2LG,-0.4,5,14,0.263,4.98,52,5,12,0,0,1,97.2,107,62,54,9,30,5,82,2,2,1,423,84,3.64,1.403,9.9,0.8,2.8,7.6,2.73,No
128,Huascar Brazob�n,35,NYM,NL,0.6,5,2,0.714,3.57,52,3,6,0,0,2,63,51,29,25,6,27,1,57,4,0,2,262,113,4.04,1.238,7.3,0.9,3.9,8.1,2.11,No
129,Luke Jackson,33,3TM,AL,-0.6,2,5,0.286,4.06,52,0,28,0,0,9,51,41,30,23,4,28,5,38,3,0,0,219,94,4.49,1.353,7.2,0.7,4.9,6.7,1.36,No
130,Victor Vodnik,25,COL,NL,1.8,4,3,0.571,3.02,52,0,31,0,0,10,50.2,45,19,17,4,26,2,49,0,0,4,215,162,3.77,1.401,8,0.7,4.6,8.7,1.88,No
131,Braydon Fisher,24,TOR,AL,1.4,7,0,1,2.7,52,1,12,0,0,0,50,32,15,15,4,19,1,62,3,0,0,202,159,3.02,1.02,5.8,0.7,3.4,11.2,3.26,No
132,Taylor Clarke,32,KCR,AL,1,1,1,0.5,3.25,51,0,15,0,0,1,55.1,38,20,20,8,9,0,44,1,0,5,206,127,3.97,0.849,6.2,1.3,1.5,7.2,4.89,No
133,Anthony Bender,30,MIA,NL,1.9,3,5,0.375,2.16,51,0,12,0,0,4,50,32,13,12,3,21,2,42,2,0,1,204,205,3.62,1.06,5.8,0.5,3.8,7.6,2,No
134,John King*,30,STL,NL,-0.3,2,1,0.667,4.66,51,0,15,0,0,0,48.1,65,30,25,8,14,0,28,0,0,3,222,89,5,1.634,12.1,1.5,2.6,5.2,2,No
137,Kirby Yates,38,LAD,NL,-0.5,4,3,0.571,5.23,50,0,15,0,0,3,41.1,38,26,24,9,17,0,52,1,0,1,178,80,4.76,1.331,8.3,2,3.7,11.3,3.06,No
138,Fernando Cruz,35,NYY,AL,0.3,3,4,0.429,3.56,49,0,4,0,0,2,48,33,21,19,5,24,0,72,3,0,5,200,115,3.18,1.188,6.2,0.9,4.5,13.5,3,No
139,Kaleb Ort,33,HOU,AL,-0.1,2,2,0.5,4.89,49,0,17,0,0,1,46,35,26,25,8,27,1,49,0,0,2,194,86,5.03,1.348,6.8,1.6,5.3,9.6,1.81,No
140,Jordan Romano,32,PHI,NL,-1.7,2,4,0.333,8.23,49,0,14,0,0,8,42.2,45,40,39,10,17,1,47,3,1,0,187,54,5.39,1.453,9.5,2.1,3.6,9.9,2.76,No
141,Chris Martin,39,TEX,AL,-0.1,2,6,0.25,2.98,49,0,10,0,0,2,42.1,43,18,14,6,8,3,43,1,0,2,174,124,3.58,1.205,9.1,1.3,1.7,9.1,5.38,No
142,Brad Lord,25,WSN,NL,1.5,5,10,0.333,4.34,48,19,2,0,0,0,130.2,126,65,63,17,43,0,108,3,0,1,546,95,4.23,1.293,8.7,1.2,3,7.4,2.51,No
143,Sean Newcomb*,32,2TM,AL,1.6,2,5,0.286,2.73,48,5,11,0,0,2,92.1,94,36,28,5,31,2,91,5,0,2,391,153,3.04,1.354,9.2,0.5,3,8.9,2.94,No
144,Brent Suter*,35,CIN,NL,0.3,1,2,0.333,4.52,48,3,19,0,0,0,67.2,69,38,34,11,18,1,53,2,0,2,291,101,4.57,1.286,9.2,1.5,2.4,7,2.94,No
145,Hogan Harris*,28,ATH,AL,1.2,2,1,0.667,3.2,48,0,20,0,0,4,64.2,54,26,23,5,33,4,65,1,0,1,277,131,3.71,1.345,7.5,0.7,4.6,9,1.97,No
146,Jake Bird,29,2TM,2LG,0,4,2,0.667,5.53,48,0,6,0,0,0,55.1,60,37,34,7,25,4,66,3,0,4,248,88,3.91,1.536,9.8,1.1,4.1,10.7,2.64,No
148,Casey Legumina,28,SEA,AL,-0.9,4,6,0.4,5.62,48,1,17,0,0,0,49.2,47,36,31,7,25,2,55,2,0,1,219,68,4.38,1.45,8.5,1.3,4.5,10,2.2,No
149,Emmanuel Clase,27,CLE,AL,0.7,5,3,0.625,3.23,48,0,41,0,0,24,47.1,46,20,17,2,12,2,47,4,0,4,201,130,2.71,1.225,8.7,0.4,2.3,8.9,3.92,No
150,Shelby Miller,34,2TM,NL,1.5,4,3,0.571,2.74,48,0,23,0,0,10,46,33,17,14,5,15,4,54,4,0,1,186,158,3.44,1.043,6.5,1,2.9,10.6,3.6,No
151,Ryan Thompson,33,ARI,NL,0.3,3,2,0.6,3.92,48,0,9,0,0,1,41.1,42,21,18,4,13,2,36,2,1,0,175,111,3.74,1.331,9.1,0.9,2.8,7.8,2.77,No
152,Mike Vasil,25,CHW,AL,2.9,5,3,0.625,2.5,47,3,17,0,0,4,101,74,32,28,8,52,5,82,8,2,4,423,168,4.32,1.248,6.6,0.7,4.6,7.3,1.58,No
153,Lou Trivino,33,3TM,NL,0.1,3,2,0.6,3.97,47,2,13,0,0,0,47.2,46,23,21,6,18,1,37,6,1,2,207,107,4.73,1.343,8.7,1.1,3.4,7,2.06,No
154,Steven Cruz,26,KCR,AL,0.4,3,1,0.75,3.74,47,0,9,0,0,0,45.2,36,20,19,5,18,1,38,1,0,1,189,110,4.14,1.182,7.1,1,3.5,7.5,2.11,No
155,Ben Casparius,26,LAD,NL,-0.3,7,5,0.583,4.64,46,3,6,0,0,2,77.2,78,41,40,8,21,0,71,3,0,1,333,90,3.57,1.275,9,0.9,2.4,8.2,3.38,No
156,Tyler Gilbert*,31,CHW,AL,0.5,4,2,0.667,3.88,46,5,7,0,0,1,51,40,24,22,5,24,3,49,2,0,2,215,108,4.02,1.255,7.1,0.9,4.2,8.6,2.04,No
157,Chad Green,34,TOR,AL,-0.5,3,2,0.6,5.56,45,0,14,0,0,1,43.2,51,28,27,14,13,2,35,2,0,0,190,77,6.73,1.466,10.5,2.9,2.7,7.2,2.69,No
158,Cade Gibson*,27,MIA,NL,1.4,4,5,0.444,2.63,44,1,10,0,0,0,54.2,44,18,16,3,21,3,43,6,0,6,230,168,3.76,1.189,7.2,0.5,3.5,7.1,2.05,No
159,Bennett Sousa*,30,HOU,AL,1.3,5,1,0.833,2.84,44,0,13,0,0,4,50.2,37,18,16,4,15,0,59,0,0,4,199,148,2.72,1.026,6.6,0.7,2.7,10.5,3.93,No
160,Isaac Mattson,29,PIT,NL,1.5,3,3,0.5,2.45,44,0,12,0,0,0,47.2,35,14,13,4,19,2,45,2,0,0,198,175,3.66,1.133,6.6,0.8,3.6,8.5,2.37,No
161,Ryan Pressly,36,CHC,NL,-0.6,2,3,0.4,4.35,44,0,17,0,0,5,41.1,46,24,20,6,17,0,28,2,0,0,182,89,5.05,1.524,10,1.3,3.7,6.1,1.65,No
162,Aaron Ashby*,27,MIL,NL,2,5,2,0.714,2.16,43,1,9,0,0,3,66.2,54,16,16,3,24,0,76,4,0,6,270,193,2.7,1.17,7.3,0.4,3.2,10.3,3.17,No
163,Brant Hurter*,26,DET,AL,0.7,4,3,0.571,2.43,43,4,5,0,0,2,63,57,26,17,4,27,3,68,11,0,2,277,171,3.61,1.333,8.1,0.6,3.9,9.7,2.52,No
164,Angel Chivilli,22,COL,NL,-0.7,1,5,0.167,7.06,43,0,7,0,0,0,58.2,76,49,46,13,23,1,43,6,0,4,275,69,6.03,1.688,11.7,2,3.5,6.6,1.87,No
165,Connor Brogdon,30,LAA,AL,-0.2,3,2,0.6,5.55,43,0,11,0,0,0,47,45,31,29,11,18,4,49,0,0,2,199,77,5.24,1.34,8.6,2.1,3.4,9.4,2.72,No
166,Brock Stewart,33,2TM,2LG,1.3,2,2,0.5,2.63,43,0,3,0,0,0,37.2,32,11,11,3,13,2,44,4,0,1,159,165,3.19,1.195,7.6,0.7,3.1,10.5,3.38,No
167,Aaron Bummer*,31,ATL,NL,0.1,3,2,0.6,3.81,42,2,5,0,0,0,54.1,51,27,23,3,17,4,51,11,0,1,235,109,3.52,1.252,8.4,0.5,2.8,8.4,3,No
168,Riley O'Brien,30,STL,NL,1.5,3,1,0.75,2.06,42,0,15,0,0,6,48,33,13,11,2,22,2,45,7,0,3,199,200,3.62,1.146,6.2,0.4,4.1,8.4,2.05,No
169,Seth Halvorsen,25,COL,NL,0.2,1,2,0.333,4.99,42,0,23,0,0,11,39.2,41,26,22,7,21,1,36,0,0,3,173,98,5.2,1.563,9.3,1.6,4.8,8.2,1.71,No
170,Michael Kelly,32,ATH,AL,0.7,4,4,0.5,3.18,42,0,13,0,0,2,39.2,32,17,14,5,19,3,29,1,0,1,166,133,4.83,1.286,7.3,1.1,4.3,6.6,1.53,No
171,Juan Morillo,26,ARI,NL,0.2,0,3,0,4.19,42,0,6,0,0,1,34.1,38,19,16,2,20,0,36,1,0,3,152,104,3.63,1.689,10,0.5,5.2,9.4,1.8,No
172,Andrew Chafin*,35,2TM,2LG,0.8,1,1,0.5,2.41,42,0,9,0,0,0,33.2,29,11,9,2,19,0,36,0,0,8,143,177,3.46,1.426,7.8,0.5,5.1,9.6,1.89,No
173,David Morgan,25,SDP,NL,1.2,1,2,0.333,2.66,41,2,15,0,0,0,47.1,35,14,14,4,23,1,50,2,0,2,193,161,3.71,1.225,6.7,0.8,4.4,9.5,2.17,No
174,Carlos Hern�ndez,28,3TM,2LG,-0.4,1,0,1,6.23,41,0,20,0,0,0,43.1,50,32,30,4,22,1,39,2,0,6,203,71,4.2,1.662,10.4,0.8,4.6,8.1,1.77,No
175,Kevin Kelly,27,TBR,AL,-0.9,2,5,0.286,5.9,41,0,13,0,0,0,39.2,45,29,26,11,9,1,35,0,1,1,171,70,5.66,1.361,10.2,2.5,2,7.9,3.89,No
176,Nick Martinez,34,CIN,NL,2.3,11,14,0.44,4.45,40,26,2,0,0,0,165.2,158,86,82,22,42,1,116,6,0,6,683,103,4.33,1.207,8.6,1.2,2.3,6.3,2.76,No
177,G�nesis Cabrera*,28,4TM,2LG,-0.8,0,1,0,6.54,40,0,10,0,0,1,42.2,46,32,31,12,18,1,35,2,1,3,187,65,6.56,1.5,9.7,2.5,3.8,7.4,1.94,No
178,Jos� Ferm�n,23,LAA,AL,-0.1,3,2,0.6,4.46,40,0,3,0,0,0,34.1,25,21,17,8,23,2,39,1,1,1,152,97,5.99,1.398,6.6,2.1,6,10.2,1.7,No
179,Joey Wentz*,27,3TM,2LG,-0.4,5,7,0.417,5.6,39,13,9,0,0,0,98,110,66,61,11,43,3,92,1,0,5,442,76,4.06,1.561,10.1,1,3.9,8.4,2.14,No
180,Matt Svanson,26,STL,NL,1.8,4,0,1,1.94,39,0,10,0,0,0,60.1,33,14,13,3,20,0,68,4,0,1,234,213,2.72,0.878,4.9,0.4,3,10.1,3.4,No
181,Kody Funderburk*,28,MIN,AL,0.8,4,1,0.8,3.51,39,0,11,0,0,1,41,44,17,16,2,18,1,40,3,1,5,183,122,3.36,1.512,9.7,0.4,4,8.8,2.22,No
182,Sam Long*,29,KCR,AL,-0.7,2,3,0.4,5.36,39,0,19,0,0,0,40.1,48,31,24,7,22,1,33,2,0,5,189,77,5.54,1.736,10.7,1.6,4.9,7.4,1.5,No
183,Daysbel Hern�ndez,28,ATL,NL,0.4,4,3,0.571,3.41,39,0,6,0,0,0,37,27,16,14,3,30,1,33,2,0,2,164,123,5,1.541,6.6,0.7,7.3,8,1.1,No
184,Ryan Borucki*,31,2TM,2LG,0,1,3,0.25,4.63,39,0,9,0,0,0,35,29,20,18,4,16,1,32,1,1,2,145,94,4.25,1.286,7.5,1,4.1,8.2,2,No
185,Cam Booser*,33,CHW,AL,-0.5,2,4,0.333,5.52,39,0,10,0,0,1,31,28,22,19,8,19,1,35,2,0,3,143,77,6.27,1.516,8.1,2.3,5.5,10.2,1.84,No
186,Joey Lucchesi*,32,SFG,NL,0.4,0,1,0,3.76,38,0,4,0,0,0,38.1,35,17,16,4,12,1,31,2,1,2,165,107,3.97,1.226,8.2,0.9,2.8,7.3,2.58,No
187,Joe Ross,32,PHI,NL,0.1,2,1,0.667,5.12,37,1,9,0,0,0,51,57,30,29,8,18,1,39,3,0,0,228,86,4.88,1.471,10.1,1.4,3.2,6.9,2.17,No
188,Elvis Alvarado,26,ATH,AL,0.6,1,1,0.5,3.19,37,0,13,0,0,0,42.1,34,17,15,6,22,1,50,2,0,2,183,132,4.32,1.323,7.2,1.3,4.7,10.6,2.27,No
189,Max Lazar,26,PHI,NL,0.3,1,1,0.5,4.79,36,0,19,0,0,1,41.1,41,23,22,7,12,0,26,0,0,3,170,92,4.95,1.282,8.9,1.5,2.6,5.7,2.17,No
190,Ian Hamilton,30,NYY,AL,0.2,2,1,0.667,4.28,36,1,5,0,0,0,40,28,20,19,5,22,1,42,1,0,2,166,96,4.39,1.25,6.3,1.1,5,9.5,1.91,No
191,Grant Taylor,23,CHW,AL,0,2,4,0.333,4.91,36,2,10,0,0,6,36.2,37,20,20,0,15,1,54,0,0,5,157,86,1.42,1.418,9.1,0,3.7,13.3,3.6,No
192,Justin Slaten,27,BOS,AL,-0.2,2,4,0.333,4.24,36,0,8,0,0,3,34,27,19,16,3,10,2,25,0,0,1,137,98,3.69,1.088,7.1,0.8,2.6,6.6,2.5,No
193,Porter Hodge,24,CHC,NL,-0.9,2,2,0.5,6.27,36,0,10,0,0,2,33,34,24,23,9,18,1,40,0,1,5,147,62,5.89,1.576,9.3,2.5,4.9,10.9,2.22,No
194,Erik Miller*,27,SFG,NL,1.6,4,1,0.8,1.5,36,0,2,0,0,0,30,24,5,5,0,20,4,22,3,0,1,128,268,3.97,1.467,7.2,0,6,6.6,1.1,No
195,Chase Shugart,28,PIT,NL,0.7,4,3,0.571,3.4,35,0,11,0,0,0,45,33,18,17,6,17,2,31,1,0,3,181,126,4.69,1.111,6.6,1.2,3.4,6.2,1.82,No
196,F�lix Bautista,30,BAL,AL,1.1,1,1,0.5,2.6,35,0,28,0,0,19,34.2,16,10,10,3,23,0,50,0,0,1,142,156,3.37,1.125,4.2,0.8,6,13,2.17,No
197,H�ctor Neris,36,3TM,2LG,-0.8,3,2,0.6,6.75,35,0,8,0,0,0,26.2,29,25,20,6,16,1,35,1,1,4,124,65,5.35,1.688,9.8,2,5.4,11.8,2.19,No
199,Taijuan Walker,32,PHI,NL,1.5,5,8,0.385,4.08,34,21,4,0,0,1,123.2,132,62,56,21,42,0,86,4,0,1,538,108,5.07,1.407,9.6,1.5,3.1,6.3,2.05,No
200,Carmen Mlodzinski,26,PIT,NL,1.4,5,8,0.385,3.55,34,12,7,0,0,0,99,102,42,39,8,27,0,89,4,0,5,419,121,3.33,1.303,9.3,0.7,2.5,8.1,3.3,No
201,Joey Cantillo*,25,CLE,AL,1.4,5,3,0.625,3.21,34,13,10,0,0,1,95.1,78,39,34,10,42,0,108,0,0,2,401,131,3.56,1.259,7.4,0.9,4,10.2,2.57,No
202,Jordan Hicks,28,2TM,2LG,-1.8,2,7,0.222,6.95,34,9,10,0,0,2,67.1,80,56,52,6,32,1,58,8,0,10,314,58,4.35,1.663,10.7,0.8,4.3,7.8,1.81,No
203,Jonathan Bowlan,28,KCR,AL,0.2,1,2,0.333,3.86,34,1,7,0,0,0,44.1,37,21,19,6,17,0,46,0,0,1,180,107,3.97,1.218,7.5,1.2,3.5,9.3,2.71,No
204,Lyon Richardson,25,CIN,NL,-0.2,0,3,0,4.54,34,0,11,0,0,0,37.2,37,25,19,2,21,4,30,2,0,0,172,101,4.07,1.54,8.8,0.5,5,7.2,1.43,No
206,Zac Gallen,29,ARI,NL,1.1,13,15,0.464,4.83,33,33,0,0,0,0,192,176,109,103,31,66,1,175,4,0,2,813,89,4.51,1.26,8.3,1.5,3.1,8.2,2.65,No
207,Jake Irvin,28,WSN,NL,-0.4,9,13,0.409,5.7,33,33,0,0,0,0,180,195,120,114,38,62,0,124,6,1,3,787,72,5.64,1.428,9.8,1.9,3.1,6.2,2,No
210,Brandon Pfaadt,26,ARI,NL,0.6,13,9,0.591,5.25,33,33,0,0,0,0,176.2,198,107,103,26,37,2,147,12,0,3,767,82,4.22,1.33,10.1,1.3,1.9,7.5,3.97,No
211,Clay Holmes,32,NYM,NL,2,12,8,0.6,3.53,33,31,0,0,0,0,165.2,150,74,65,14,66,0,129,13,1,6,708,114,4.11,1.304,8.1,0.8,3.6,7,1.95,No
212,Mitchell Parker*,25,WSN,NL,-1.2,9,16,0.36,5.68,33,30,2,0,0,1,164.2,178,116,104,25,58,0,103,4,0,3,725,72,4.99,1.433,9.7,1.4,3.2,5.6,1.78,No
213,Will Warren,26,NYY,AL,0.6,9,8,0.529,4.44,33,33,0,0,0,0,162.1,158,90,80,22,65,0,171,4,1,2,711,92,4.07,1.374,8.8,1.2,3.6,9.5,2.63,No
214,Chris Paddack,29,2TM,AL,0.3,5,12,0.294,5.35,33,28,3,0,0,1,158,166,98,94,31,37,0,112,3,0,5,670,79,5.03,1.285,9.5,1.8,2.1,6.4,3.03,No
215,Ryne Nelson,27,ARI,NL,3.4,7,3,0.7,3.39,33,23,4,0,0,1,154,124,62,58,17,41,0,132,4,0,1,619,127,3.73,1.071,7.2,1,2.4,7.7,3.22,No
216,Charlie Morton,41,3TM,2LG,-0.8,9,11,0.45,5.83,33,27,1,0,0,0,142,152,94,92,23,72,2,149,14,2,3,654,70,4.96,1.577,9.6,1.5,4.6,9.4,2.07,No
217,Jacob Latz*,29,TEX,AL,1.4,2,0,1,2.84,33,8,5,0,0,1,85.2,69,28,27,7,37,2,76,0,0,2,348,129,3.72,1.237,7.2,0.7,3.9,8,2.05,No
218,Kolby Allard*,27,CLE,AL,1.3,2,2,0.5,2.63,33,2,16,0,0,0,65,64,22,19,5,14,3,42,1,0,0,266,160,3.54,1.2,8.9,0.7,1.9,5.8,3,No
219,Trent Thornton,31,SEA,AL,-0.1,2,0,1,4.68,33,0,7,0,0,0,42.1,41,23,22,6,14,2,32,4,0,1,180,81,4.74,1.299,8.7,1.3,3,6.8,2.29,No
220,Eric Orze,27,TBR,AL,0.6,1,1,0.5,3.02,33,0,12,0,0,3,41.2,38,16,14,4,19,1,40,3,0,0,178,137,4.05,1.368,8.2,0.9,4.1,8.6,2.11,No
221,Cole Winn,25,TEX,AL,1.1,0,1,0,1.51,33,0,10,0,0,0,41.2,23,8,7,3,17,2,35,4,0,1,162,243,3.9,0.96,5,0.6,3.7,7.6,2.06,No
222,Matt Gage*,32,2TM,2LG,0.4,0,1,0,3.19,33,2,4,0,0,0,31,35,11,11,0,12,1,27,2,0,3,137,128,2.75,1.516,10.2,0,3.5,7.8,2.25,No
223,Erik Sabrowski*,27,CLE,AL,0.8,0,1,0,1.84,33,0,3,0,0,0,29.1,14,8,6,2,21,0,42,3,0,0,121,230,3.61,1.193,4.3,0.6,6.4,12.9,2,No
225,Cristopher S�nchez*,28,PHI,NL,8,13,5,0.722,2.5,32,32,0,1,0,0,202,171,58,56,12,44,0,212,6,1,6,807,176,2.55,1.064,7.6,0.5,2,9.4,4.82,No
227,Kevin Gausman,34,TOR,AL,3.8,10,11,0.476,3.59,32,32,0,1,1,0,193,155,79,77,21,50,2,189,3,2,1,775,119,3.42,1.062,7.2,1,2.3,8.8,3.78,No
229,Zack Littell,29,2TM,2LG,3.2,10,8,0.556,3.81,32,32,0,1,0,0,186.2,174,81,79,36,32,1,130,7,0,3,759,111,4.88,1.104,8.4,1.7,1.5,6.3,4.06,No
230,Merrill Kelly,36,2TM,2LG,2.9,12,9,0.571,3.52,32,32,0,0,0,0,184,157,79,72,23,48,0,167,2,2,1,748,117,3.76,1.114,7.7,1.1,2.3,8.2,3.48,No
231,Jes�s Luzardo*,27,PHI,NL,3.9,15,7,0.682,3.92,32,32,0,0,0,0,183.2,167,85,80,16,57,0,216,3,1,2,758,112,2.9,1.22,8.2,0.8,2.8,10.6,3.79,No
233,Luis Castillo,32,SEA,AL,2.1,11,8,0.579,3.54,32,32,0,0,0,0,180.2,168,76,71,23,46,0,162,7,0,3,745,107,3.88,1.185,8.4,1.1,2.3,8.1,3.52,No
234,Sonny Gray,35,STL,NL,1.4,14,8,0.636,4.28,32,32,0,1,1,0,180.2,185,93,86,25,38,0,201,3,0,2,753,96,3.39,1.234,9.2,1.2,1.9,10,5.29,No
235,Mitch Keller,29,PIT,NL,1.4,6,15,0.286,4.19,32,32,0,0,0,0,176.1,171,91,82,21,51,0,150,10,0,5,749,102,4.02,1.259,8.7,1.1,2.6,7.7,2.94,No
236,Jeffrey Springs*,32,ATH,AL,1.9,11,11,0.5,4.11,32,30,0,0,0,0,171,153,90,78,28,54,0,138,3,3,0,713,102,4.65,1.211,8.1,1.5,2.8,7.3,2.56,No
237,Chris Bassitt,36,TOR,AL,2.1,11,9,0.55,3.96,32,31,0,1,0,0,170.1,174,80,75,22,52,0,166,13,3,4,736,108,4.01,1.327,9.2,1.2,2.7,8.8,3.19,No
238,Brady Singer,28,CIN,NL,3.1,14,12,0.538,4.03,32,32,0,0,0,0,169.2,150,80,76,19,60,0,163,14,0,3,716,113,3.98,1.238,8,1,3.2,8.6,2.72,No
239,Dylan Cease,29,SDP,NL,1.1,8,12,0.4,4.55,32,32,0,0,0,0,168,152,91,85,21,71,2,215,5,0,5,722,94,3.56,1.327,8.1,1.1,3.8,11.5,3.03,No
240,Colin Rea,34,CHC,NL,0.6,11,7,0.611,3.95,32,27,3,0,0,1,159.1,155,73,70,20,44,0,127,6,0,2,662,97,4.12,1.249,8.8,1.1,2.5,7.2,2.89,No
241,Erick Fedde,32,3TM,NL,-0.6,4,13,0.235,5.49,32,24,1,1,1,0,141,147,90,86,19,67,1,83,3,0,2,623,75,5.2,1.518,9.4,1.2,4.3,5.3,1.24,No
242,Mitch Spence,27,ATH,AL,-0.7,3,6,0.333,5.1,32,8,3,0,0,1,84.2,96,57,48,16,26,2,66,4,0,1,375,82,5.1,1.441,10.2,1.7,2.8,7,2.54,No
243,Valente Bellozo,25,MIA,NL,0.3,1,4,0.2,4.65,32,6,12,0,0,0,81.1,85,44,42,15,23,0,54,4,1,0,348,95,5.2,1.328,9.4,1.7,2.5,6,2.35,No
244,Chase Lee,26,DET,AL,0.2,4,1,0.8,4.1,32,0,7,0,0,0,37.1,32,17,17,7,9,1,36,2,0,0,148,102,4.53,1.098,7.7,1.7,2.2,8.7,4,No
245,Ryan Fernandez,27,STL,NL,-1.1,0,4,0,7.71,32,0,13,0,0,1,30.1,36,30,26,6,16,2,34,1,0,0,140,54,5.15,1.714,10.7,1.8,4.7,10.1,2.13,No
246,Konnor Pilkington*,27,WSN,NL,-0.1,2,0,1,4.45,32,0,4,0,0,0,28.1,22,16,14,7,17,0,34,2,0,2,123,93,5.96,1.376,7,2.2,5.4,10.8,2,No
247,Blake Treinen,37,LAD,NL,-0.6,2,7,0.222,5.4,32,0,9,0,0,2,26.2,30,18,16,4,19,4,36,2,0,1,129,78,4.75,1.838,10.1,1.4,6.4,12.2,1.89,No
248,Kyle Backhus*,27,ARI,NL,-0.1,0,3,0,4.62,32,0,10,0,0,2,25.1,28,14,13,3,8,0,22,3,0,1,115,95,4.24,1.421,9.9,1.1,2.8,7.8,2.75,No
250,Framber Valdez*,31,HOU,AL,3.8,13,11,0.542,3.66,31,31,0,2,0,0,192,171,82,78,15,68,0,187,7,1,12,802,114,3.38,1.245,8,0.7,3.2,8.8,2.75,No
252,Tanner Bibee,26,CLE,AL,1.1,12,11,0.522,4.24,31,31,0,2,1,0,182.1,170,93,86,27,54,1,162,10,1,3,762,99,4.34,1.229,8.4,1.3,2.7,8,3,No
253,Nick Pivetta,32,SDP,NL,5.3,13,5,0.722,2.87,31,31,0,0,0,0,181.2,129,63,58,22,50,1,190,3,0,1,721,149,3.49,0.985,6.4,1.1,2.5,9.4,3.8,No
255,Sandy Alcantara,29,MIA,NL,0,11,12,0.478,5.36,31,31,0,0,0,0,174.2,165,107,104,22,57,0,142,9,2,8,745,82,4.28,1.271,8.5,1.1,2.9,7.3,2.49,No
256,Michael Wacha,33,KCR,AL,2.8,10,13,0.435,3.86,31,31,0,0,0,0,172.2,166,74,74,15,45,0,126,4,0,2,716,106,3.66,1.222,8.7,0.8,2.3,6.6,2.8,No
257,Dean Kremer,29,BAL,AL,2.1,11,10,0.524,4.19,31,29,0,0,0,0,171.2,163,83,80,22,45,0,142,2,1,9,708,96,3.97,1.212,8.5,1.2,2.4,7.4,3.16,No
259,Jos� Soriano,26,LAA,AL,2.3,10,11,0.476,4.26,31,31,0,0,0,0,169,158,89,80,12,78,0,152,5,0,8,724,100,3.73,1.396,8.4,0.6,4.2,8.1,1.95,No
260,Ryan Pepiot,27,TBR,AL,1.9,11,12,0.478,3.86,31,31,0,0,0,0,167.2,134,77,72,26,61,0,167,6,0,5,679,106,4.36,1.163,7.2,1.4,3.3,9,2.74,No
261,Gavin Williams,25,CLE,AL,3.8,12,5,0.706,3.06,31,31,0,0,0,0,167.2,130,62,57,23,83,0,173,3,1,9,704,137,4.39,1.27,7,1.2,4.5,9.3,2.08,No
262,Shane Baz,26,TBR,AL,0.4,10,12,0.455,4.87,31,31,0,0,0,0,166.1,158,91,90,26,64,0,176,9,0,3,711,84,4.37,1.335,8.5,1.4,3.5,9.5,2.75,No
263,Jos� Berr�os,31,TOR,AL,1.3,9,5,0.643,4.17,31,30,0,0,0,0,166,160,86,77,26,56,2,138,7,1,1,698,102,4.65,1.301,8.7,1.4,3,7.5,2.46,No
264,Kyle Hendricks,35,LAA,AL,1.7,8,10,0.444,4.76,31,31,0,0,0,0,164.2,167,92,87,25,43,3,114,5,0,0,695,90,4.6,1.275,9.1,1.4,2.4,6.2,2.65,No
265,Kyle Freeland*,32,COL,NL,1.3,5,17,0.227,4.98,31,31,0,0,0,0,162.2,193,105,90,22,38,2,124,6,0,2,709,98,4.18,1.42,10.7,1.2,2.1,6.9,3.26,No
266,Andre Pallante,26,STL,NL,-1.3,6,15,0.286,5.31,31,31,0,0,0,0,162.2,173,109,96,21,62,0,111,5,2,12,715,77,4.69,1.445,9.6,1.2,3.4,6.1,1.79,No
267,Jack Flaherty,29,DET,AL,0.9,8,15,0.348,4.64,31,31,0,0,0,0,161,147,85,83,23,59,1,188,5,0,4,681,89,3.85,1.28,8.2,1.3,3.3,10.5,3.19,No
268,Miles Mikolas,36,STL,NL,0.3,8,11,0.421,4.84,31,31,0,0,0,0,156.1,169,87,84,29,37,1,100,3,0,1,669,85,5.04,1.318,9.7,1.7,2.1,5.8,2.7,No
269,Patrick Corbin*,35,TEX,AL,-0.5,7,11,0.389,4.4,31,30,1,1,0,0,155.1,161,79,76,21,51,1,131,3,0,6,663,83,4.25,1.365,9.3,1.2,3,7.6,2.57,No
271,Tristan Beck,29,SFG,NL,0.1,1,0,1,4.61,31,1,9,0,0,2,56.2,47,29,29,7,16,0,41,2,0,3,232,87,4.25,1.112,7.5,1.1,2.5,6.5,2.56,No
272,Ryan Rolison*,27,COL,NL,-0.3,1,0,1,7.02,31,1,10,0,0,0,42.1,55,35,33,11,20,0,25,0,1,1,193,70,6.75,1.772,11.7,2.3,4.3,5.3,1.25,No
273,Kyle Nicolas,26,PIT,NL,0,1,2,0.333,4.74,31,0,5,0,0,0,38,34,21,20,3,18,0,34,2,0,1,167,91,3.95,1.368,8.1,0.7,4.3,8.1,1.89,No
274,Josh Simpson*,27,MIA,NL,-1.2,4,2,0.667,7.34,31,0,10,0,0,0,30.2,34,28,25,5,22,2,36,3,0,3,151,61,5.35,1.826,10,1.5,6.5,10.6,1.64,No
275,Manuel Rodr�guez,28,TBR,AL,0.8,1,2,0.333,2.08,31,0,4,0,0,0,30.1,26,9,7,2,6,0,25,1,0,1,121,200,3.04,1.055,7.7,0.6,1.8,7.4,4.17,No
281,Tomoyuki Sugano,35,BAL,AL,1.2,10,10,0.5,4.64,30,30,0,0,0,0,157,173,85,81,33,36,2,106,8,1,3,675,87,5.36,1.331,9.9,1.9,2.1,6.1,2.94,No
282,Logan Allen*,26,CLE,AL,0.4,8,11,0.421,4.25,30,29,0,0,0,0,156.2,157,84,74,18,62,1,122,6,0,4,676,98,4.37,1.398,9,1,3.6,7,1.97,No
283,Antonio Senzatela,30,COL,NL,-0.5,4,15,0.211,6.65,30,23,0,0,0,0,130,192,103,96,22,47,2,73,8,1,9,618,73,5.48,1.838,13.3,1.5,3.3,5.1,1.55,No
284,John Curtiss,32,ARI,NL,0.4,3,2,0.6,3.93,30,0,12,0,0,1,36.2,29,18,16,5,5,0,24,0,0,0,141,111,4.01,0.927,7.1,1.2,1.2,5.9,4.8,No
285,Shawn Dubin,29,2TM,AL,-0.2,2,0,1,5.08,30,0,4,0,0,0,33.2,37,19,19,6,11,0,28,2,0,0,145,83,4.95,1.426,9.9,1.6,2.9,7.5,2.55,No
286,Tommy Nance,34,TOR,AL,0.6,2,0,1,1.99,30,0,9,0,0,0,31.2,25,11,7,0,7,0,32,1,0,1,126,216,1.87,1.011,7.1,0,2,9.1,4.57,No
287,Zach Agnos,24,COL,NL,-0.4,1,3,0.25,6.61,30,0,14,0,0,4,31.1,31,25,23,5,17,0,19,0,0,2,138,74,5.63,1.532,8.9,1.4,4.9,5.5,1.12,No
288,Jonathan Lo�isiga,30,NYY,AL,0.2,0,1,0,4.25,30,0,3,0,0,1,29.2,34,15,14,7,10,3,25,3,0,1,135,97,5.83,1.483,10.3,2.1,3,7.6,2.5,No
289,Eduardo Salazar,27,WSN,NL,-0.8,0,1,0,8.38,30,0,9,0,0,0,29,47,29,27,7,16,0,23,1,1,3,150,50,6.45,2.172,14.6,2.2,5,7.1,1.44,No
290,Joel Payamps,31,2TM,NL,-0.6,0,1,0,6.84,30,0,11,0,0,1,26.1,31,20,20,4,9,1,24,2,0,0,117,62,4.54,1.519,10.6,1.4,3.1,8.2,2.67,No
291,Brooks Raley*,37,NYM,NL,0.7,3,1,0.75,2.45,30,0,1,0,0,0,25.2,14,7,7,0,6,0,25,2,0,0,99,166,2.12,0.779,4.9,0,2.1,8.8,4.17,No
292,Brayan Bello,26,BOS,AL,2.4,11,9,0.55,3.35,29,28,0,1,0,0,166.2,147,71,62,16,59,0,124,13,0,5,700,123,4.19,1.236,7.9,0.9,3.2,6.7,2.1,No
294,Luis Severino,31,ATH,AL,1,8,11,0.421,4.54,29,29,0,0,0,0,162.2,162,93,82,16,50,1,124,16,0,3,705,92,4.11,1.303,9,0.9,2.8,6.9,2.48,No
295,Quinn Priester,24,MIL,NL,3,13,3,0.813,3.32,29,24,2,0,0,0,157.1,145,62,58,18,50,0,132,6,0,4,653,125,4.01,1.239,8.3,1,2.9,7.6,2.64,No
296,Nick Lodolo*,27,CIN,NL,4.9,9,8,0.529,3.33,29,28,0,2,1,0,156.2,138,60,58,22,31,1,156,13,1,2,642,137,3.81,1.079,7.9,1.3,1.8,9,5.03,No
297,Eduardo Rodr�guez*,32,ARI,NL,0.2,9,9,0.5,5.02,29,29,0,0,0,0,154.1,178,94,86,25,60,2,143,1,1,4,694,86,4.57,1.542,10.4,1.5,3.5,8.3,2.38,No
298,Justin Verlander,42,SFG,NL,1.2,4,11,0.267,3.85,29,29,0,0,0,0,152,155,74,65,16,52,1,137,6,0,2,662,103,3.85,1.362,9.2,0.9,3.1,8.1,2.63,No
299,Jack Leiter,25,TEX,AL,0.4,10,10,0.5,3.86,29,29,0,0,0,0,151.2,127,69,65,18,67,0,148,5,1,10,646,95,4.15,1.279,7.5,1.1,4,8.8,2.21,No
300,Matthew Liberatore*,25,STL,NL,0.9,8,12,0.4,4.21,29,29,0,0,0,0,151.2,158,79,71,19,40,0,122,4,0,6,648,97,4.03,1.305,9.4,1.1,2.4,7.2,3.05,No
302,Mason Englert,25,TBR,AL,0.3,0,1,0,3.83,29,0,9,0,0,0,44.2,43,20,19,4,11,0,44,1,0,2,185,108,3.14,1.209,8.7,0.8,2.2,8.9,4,No
303,Rico Garcia,31,3TM,2LG,0.8,0,2,0,3.15,29,1,7,0,0,0,34.1,31,12,12,5,10,1,38,0,0,2,142,132,3.69,1.194,8.1,1.3,2.6,10,3.8,No
304,Alek Jacob,27,SDP,NL,-0.2,1,0,1,5.13,29,0,9,0,0,0,33.1,36,20,19,6,14,0,23,6,0,0,153,84,5.9,1.5,9.7,1.6,3.8,6.2,1.64,No
305,Jos� Castillo*,29,4TM,2LG,0.2,2,2,0.5,3.94,29,0,6,0,0,0,32,40,18,14,4,14,1,30,4,3,1,149,108,4.57,1.688,11.3,1.1,3.9,8.4,2.14,No
306,Kevin Ginkel,31,ARI,NL,-0.8,1,4,0.2,7.36,29,0,9,0,0,3,25.2,29,22,21,2,13,0,29,2,0,1,121,59,3.64,1.636,10.2,0.7,4.6,10.2,2.23,No
307,Bryce Elder,26,ATL,NL,-0.4,8,11,0.421,5.3,28,28,0,0,0,0,156.1,167,95,92,24,51,1,131,6,0,2,679,78,4.55,1.394,9.6,1.4,2.9,7.5,2.57,No
309,Sean Burke,25,CHW,AL,0.9,4,11,0.267,4.29,28,22,0,0,0,0,134.1,132,76,64,23,63,0,133,6,0,2,596,98,4.92,1.452,8.8,1.5,4.2,8.9,2.11,No
310,Randy V�squez,26,SDP,NL,2.2,6,7,0.462,3.84,28,26,1,0,0,0,133.2,125,59,57,16,52,1,78,7,1,3,570,111,4.85,1.324,8.4,1.1,3.5,5.3,1.5,No
311,Eric Lauer*,30,TOR,AL,2.2,9,2,0.818,3.18,28,15,2,0,0,0,104.2,90,39,37,15,26,1,102,2,0,0,426,134,3.85,1.108,7.7,1.3,2.2,8.8,3.92,No
312,Zack Kelly,30,BOS,AL,-0.2,1,3,0.25,4.58,28,0,5,0,0,0,35.1,35,21,18,3,12,1,35,3,0,1,152,90,3.53,1.33,8.9,0.8,3.1,8.9,2.92,No
313,Dylan Dodd*,27,ATL,NL,0.3,1,0,1,3.6,28,0,12,0,0,0,35,28,14,14,5,5,0,30,1,0,1,136,116,3.79,0.943,7.2,1.3,1.3,7.7,6,No
314,Jaden Hill,25,COL,NL,0.5,1,1,0.5,3.38,28,0,7,0,0,0,29.1,27,14,11,2,12,0,31,3,0,3,129,145,3.44,1.33,8.3,0.6,3.7,9.5,2.58,No
315,Dan Altavilla,32,CHW,AL,0.8,0,1,0,2.48,28,0,13,0,0,2,29,19,9,8,4,15,0,21,4,0,1,120,170,5.45,1.172,5.9,1.2,4.7,6.5,1.4,No
316,Andrew Saalfrank*,27,ARI,NL,1.6,2,1,0.667,1.24,28,0,10,0,0,3,29,19,5,4,1,10,1,19,0,0,2,113,351,3.31,1,5.9,0.3,3.1,5.9,1.9,No
317,Jos� Alvarado*,30,PHI,NL,0.4,4,2,0.667,3.81,28,0,10,0,0,7,26,27,12,11,4,7,0,32,1,0,3,114,117,3.6,1.308,9.3,1.4,2.4,11.1,4.57,No
318,Ryan Brasier,37,CHC,NL,-0.2,0,1,0,4.5,28,1,4,0,0,0,26,27,13,13,2,5,0,20,0,0,0,105,87,3.17,1.231,9.3,0.7,1.7,6.9,4,No
319,PJ Poulin*,28,WSN,NL,0.4,2,1,0.667,3.65,28,0,6,0,0,1,24.2,23,10,10,2,13,0,27,2,0,0,110,114,3.83,1.459,8.4,0.7,4.7,9.9,2.08,No
320,Bailey Ober,29,MIN,AL,1.1,6,9,0.4,5.1,27,27,0,1,0,0,146.1,159,84,83,30,31,0,120,5,2,1,624,84,4.9,1.298,9.8,1.8,1.9,7.4,3.87,No
321,Taj Bradley,24,2TM,AL,-0.6,6,8,0.429,5.05,27,27,0,0,0,0,142.2,131,88,80,19,56,0,127,4,1,7,605,82,4.35,1.311,8.3,1.2,3.5,8,2.27,No
322,Michael Lorenzen,33,KCR,AL,0.4,7,11,0.389,4.64,27,26,0,0,0,0,141.2,149,76,73,25,39,0,127,6,0,12,606,89,4.59,1.327,9.5,1.6,2.5,8.1,3.26,No
323,JP Sears*,29,2TM,2LG,0.8,9,11,0.45,5.04,27,27,0,0,0,0,135.2,143,79,76,30,36,0,117,6,0,1,583,84,5.21,1.319,9.5,2,2.4,7.8,3.25,No
324,Andrew Heaney*,34,2TM,NL,-0.3,5,10,0.333,5.52,27,23,0,0,0,0,122.1,129,77,75,25,40,0,86,9,0,2,536,78,5.59,1.381,9.5,1.8,2.9,6.3,2.15,No
325,Chad Patrick,26,MIL,NL,1.9,3,8,0.273,3.53,27,23,0,0,0,0,119.2,113,49,47,13,40,1,127,4,0,1,503,117,3.53,1.279,8.5,1,3,9.6,3.18,No
326,Ryan Gusto,26,2TM,2LG,-0.4,7,7,0.5,5.67,27,17,2,0,0,0,101.2,114,67,64,17,36,0,97,5,0,0,453,75,4.61,1.475,10.1,1.5,3.2,8.6,2.69,No
327,Nic Enright,28,CLE,AL,1,2,1,0.667,2.03,27,0,8,0,0,1,31,24,8,7,3,12,0,30,2,1,0,127,208,3.81,1.161,7,0.9,3.5,8.7,2.5,No
328,T.J. McFarland*,36,ATH,AL,-0.3,0,0,,6.89,27,0,5,0,0,0,15.2,26,12,12,2,3,0,7,1,0,1,74,62,4.67,1.851,14.9,1.1,1.7,4,2.33,No
329,Ranger Su�rez*,29,PHI,NL,4.7,12,8,0.6,3.2,26,26,0,0,0,0,157.1,154,57,56,14,38,0,151,6,0,0,651,137,3.21,1.22,8.8,0.8,2.2,8.6,3.97,No
330,Seth Lugo,35,KCR,AL,1.7,8,7,0.533,4.15,26,26,0,0,0,0,145.1,133,70,67,27,55,1,125,6,0,5,611,99,5.09,1.294,8.2,1.7,3.4,7.7,2.27,No
331,Lucas Giolito,30,BOS,AL,2.1,10,4,0.714,3.41,26,26,0,0,0,0,145,131,62,55,17,56,0,121,1,0,4,613,120,4.17,1.29,8.1,1.1,3.5,7.5,2.16,No
332,Davis Martin,28,CHW,AL,1.5,7,10,0.412,4.1,26,25,0,0,0,0,142.2,136,74,65,20,48,1,104,6,2,2,601,102,4.64,1.29,8.6,1.3,3,6.6,2.17,No
333,Edward Cabrera,27,MIA,NL,2.8,8,7,0.533,3.53,26,26,0,0,0,0,137.2,121,60,54,17,48,0,150,10,0,8,581,125,3.83,1.228,7.9,1.1,3.1,9.8,3.13,No
334,Tyler Anderson*,35,LAA,AL,2,2,8,0.2,4.56,26,26,0,0,0,0,136.1,135,73,69,28,57,4,104,3,3,5,599,94,5.6,1.408,8.9,1.8,3.8,6.9,1.82,No
335,Germ�n M�rquez,30,COL,NL,-1.2,3,16,0.158,6.7,26,26,0,0,0,0,126.1,168,106,94,23,48,1,83,6,0,6,591,73,5.47,1.71,12,1.6,3.4,5.9,1.73,No
336,Walker Buehler,30,2TM,2LG,0,10,7,0.588,4.93,26,24,1,0,0,0,126,130,73,69,22,61,0,92,11,0,0,565,84,5.66,1.516,9.3,1.6,4.4,6.6,1.51,No
337,Bailey Falter*,28,2TM,2LG,0.8,7,7,0.5,4.45,26,24,1,0,0,0,125.1,115,68,62,19,46,0,81,1,0,5,518,96,4.94,1.285,8.3,1.4,3.3,5.8,1.76,No
338,Cal Quantrill,30,2TM,NL,-0.6,4,12,0.25,6.04,26,26,0,0,0,0,117.2,136,81,79,22,35,0,85,5,0,3,513,73,5.14,1.453,10.4,1.7,2.7,6.5,2.43,No
339,Osvaldo Bido,29,ATH,AL,-0.7,2,5,0.286,5.87,26,10,7,0,0,1,79.2,93,56,52,19,35,1,68,6,0,0,363,71,6.07,1.607,10.5,2.1,4,7.7,1.94,No
340,Braxton Ashcraft,25,PIT,NL,2,4,4,0.5,2.71,26,8,6,0,0,0,69.2,63,22,21,3,24,1,71,2,0,1,292,158,2.78,1.249,8.1,0.4,3.1,9.2,2.96,No
341,Scott Blewett,29,3TM,2LG,-0.2,3,0,1,5.48,26,2,10,0,0,0,44.1,45,29,27,9,18,0,35,1,0,1,194,76,5.48,1.421,9.1,1.8,3.7,7.1,1.94,No
342,Gordon Graceffo,25,STL,NL,-0.8,3,1,0.75,6.28,26,0,9,0,0,1,43,50,33,30,2,13,0,40,2,0,2,193,66,2.93,1.465,10.5,0.4,2.7,8.4,3.08,No
343,Clayton Beeter,26,2TM,2LG,0.3,0,3,0,4.26,26,0,4,0,0,1,25.1,13,12,12,3,18,0,33,0,0,1,104,99,4.2,1.224,4.6,1.1,6.4,11.7,1.83,No
344,Anthony Veneziano*,27,2TM,NL,0.1,0,0,,4.68,26,1,3,0,0,0,25,28,13,13,4,11,0,25,2,0,1,117,95,4.78,1.56,10.1,1.4,4,9,2.27,No
345,Jorge L�pez,32,WSN,NL,-0.5,6,0,1,6.57,26,0,5,0,0,1,24.2,25,18,18,1,7,0,17,3,0,3,106,63,3.5,1.297,9.1,0.4,2.6,6.2,2.43,No
346,Zach Brzykcy,25,WSN,NL,-0.6,0,1,0,9,26,0,11,0,0,0,23,28,23,23,6,12,0,24,2,0,2,110,46,6.27,1.739,11,2.3,4.7,9.4,2,No
347,Rob Zastryzny*,33,MIL,NL,0.5,2,1,0.667,2.45,26,1,4,0,0,0,22,16,7,6,3,10,3,20,1,0,2,93,171,4.59,1.182,6.5,1.2,4.1,8.2,2,No
348,Shota Imanaga*,31,CHC,NL,1.5,9,8,0.529,3.73,25,25,0,0,0,0,144.2,117,62,60,31,26,0,117,1,0,1,567,103,4.86,0.988,7.3,1.9,1.6,7.3,4.5,No
349,Dustin May,27,2TM,2LG,-0.6,7,11,0.389,4.96,25,23,1,0,0,0,132.1,132,78,73,21,56,3,123,12,0,1,584,84,4.88,1.421,9,1.4,3.8,8.4,2.2,No
350,Logan Gilbert,28,SEA,AL,2.1,6,6,0.5,3.44,25,25,0,0,0,0,131,104,53,50,20,31,0,173,7,0,10,535,110,3.35,1.031,7.1,1.4,2.1,11.9,5.58,No
351,Ben Brown,25,CHC,NL,-1.6,5,8,0.385,5.92,25,15,3,0,0,1,106.1,121,73,70,18,32,0,121,4,0,5,472,65,4.08,1.439,10.2,1.5,2.7,10.2,3.78,No
352,Caleb Boushley,31,TEX,AL,-1,0,0,,6.02,25,1,13,0,0,1,43.1,54,33,29,5,14,1,41,2,0,1,193,61,3.85,1.569,11.2,1,2.9,8.5,2.93,No
353,Yerry De los Santos,27,NYY,AL,0.3,0,1,0,3.28,25,0,5,0,0,0,35.2,37,15,13,1,17,0,28,1,0,2,160,125,3.44,1.514,9.3,0.3,4.3,7.1,1.65,No
354,Kade Strowd,27,BAL,AL,0.9,0,1,0,1.71,25,0,6,0,0,0,26.1,16,6,5,1,13,0,24,1,0,2,105,238,3.4,1.101,5.5,0.3,4.4,8.2,1.85,No
355,Ian Gibaut,31,CIN,NL,0.2,0,1,0,4.62,25,0,5,0,0,0,25.1,26,13,13,3,8,0,15,0,0,0,109,100,4.44,1.342,9.2,1.1,2.8,5.3,1.88,No
357,Noah Cameron*,25,KCR,AL,3.8,9,7,0.563,2.99,24,24,0,0,0,0,138.1,109,46,46,18,43,1,114,3,0,3,556,137,4.18,1.099,7.1,1.2,2.8,7.4,2.65,No
358,Jose Quintana*,36,MIL,NL,1.4,11,7,0.611,3.96,24,24,0,0,0,0,131.2,120,65,58,18,50,0,89,5,1,1,556,105,4.81,1.291,8.2,1.2,3.4,6.1,1.78,No
359,Justin Wrobleski*,24,LAD,NL,0,5,5,0.5,4.32,24,2,9,0,0,2,66.2,65,34,32,6,17,1,76,3,0,1,280,96,2.93,1.23,8.8,0.8,2.3,10.3,4.47,No
360,Dietrich Enns*,34,2TM,AL,0.4,3,3,0.5,4.08,24,3,5,0,0,2,46.1,50,25,21,6,15,4,49,0,0,1,200,101,3.68,1.403,9.7,1.2,2.9,9.5,3.27,No
361,Max Kranick,27,NYM,NL,0.4,3,2,0.6,3.65,24,0,6,0,0,0,37,34,15,15,5,5,0,25,0,0,0,148,111,3.95,1.054,8.3,1.2,1.2,6.1,5,No
362,George Soriano,26,MIA,NL,-1,2,0,1,8.35,24,0,12,0,0,1,36.2,46,36,34,10,19,1,36,2,1,3,173,53,6.44,1.773,11.3,2.5,4.7,8.8,1.89,No
363,Yohan Ram�rez,30,PIT,NL,-0.6,3,3,0.5,5.4,24,0,5,0,0,0,33.1,33,25,20,4,16,1,45,4,0,4,155,80,3.8,1.47,8.9,1.1,4.3,12.2,2.81,No
364,Tayler Scott,33,2TM,2LG,-1,1,2,0.333,7.9,24,0,4,0,0,0,27.1,34,25,24,6,18,0,24,1,0,0,134,55,6.32,1.902,11.2,2,5.9,7.9,1.33,No
365,Collin Snider,29,SEA,AL,-0.7,2,1,0.667,5.47,24,0,4,0,0,0,26.1,32,20,16,3,6,1,24,2,0,1,119,70,3.71,1.443,10.9,1,2.1,8.2,4,No
366,Colin Holderman,29,PIT,NL,-0.8,0,2,0,7.01,24,0,6,0,0,1,25.2,34,21,20,4,16,1,18,2,0,3,125,62,5.86,1.948,11.9,1.4,5.6,6.3,1.13,No
367,Slade Cecconi,26,CLE,AL,0.8,7,7,0.5,4.3,23,23,0,0,0,0,132,125,66,63,24,32,1,109,3,1,3,545,98,4.64,1.189,8.5,1.6,2.2,7.4,3.41,No
368,Jameson Taillon,33,CHC,NL,1.3,11,7,0.611,3.68,23,23,0,0,0,0,129.2,110,54,53,24,27,0,98,0,0,1,519,105,4.66,1.057,7.6,1.7,1.9,6.8,3.63,No
369,George Kirby,27,SEA,AL,0.8,10,8,0.556,4.21,23,23,0,0,0,0,126,121,60,59,15,29,0,137,7,0,3,524,90,3.37,1.19,8.6,1.1,2.1,9.8,4.72,No
370,Spencer Strider,26,ATL,NL,1,7,14,0.333,4.45,23,23,0,0,0,0,125.1,124,63,62,20,51,0,131,8,1,1,539,93,4.53,1.396,8.9,1.4,3.7,9.4,2.57,No
371,Cade Horton,23,CHC,NL,2,11,4,0.733,2.67,23,22,0,0,0,0,118,95,40,35,10,33,0,97,6,0,1,476,144,3.59,1.085,7.2,0.8,2.5,7.4,2.94,No
373,Simeon Woods Richardson,24,MIN,AL,2.2,7,4,0.636,4.04,23,22,0,0,0,0,111.1,96,53,50,17,46,0,107,3,1,4,471,106,4.52,1.275,7.8,1.4,3.7,8.6,2.33,No
374,Jack Kochanowicz,24,LAA,AL,-1.4,3,11,0.214,6.81,23,23,0,0,0,0,111,136,89,84,21,58,4,72,7,1,4,512,63,6.05,1.748,11,1.7,4.7,5.8,1.24,No
375,Aaron Civale,30,3TM,2LG,0.1,4,9,0.308,4.85,23,18,2,0,0,1,102,96,59,55,16,33,1,88,7,2,0,435,86,4.63,1.265,8.5,1.4,2.9,7.8,2.67,No
376,Mike Burrows,25,PIT,NL,1.5,2,4,0.333,3.94,23,19,0,0,0,0,96,88,43,42,13,31,1,97,5,0,2,402,109,4,1.24,8.3,1.2,2.9,9.1,3.13,No
377,J.T. Ginn,26,ATH,AL,0.5,4,7,0.364,5.08,23,16,0,0,0,0,90.1,92,52,51,17,31,1,99,6,0,1,392,83,4.62,1.362,9.2,1.7,3.1,9.9,3.19,No
378,Shinnosuke Ogasawara*,27,WSN,NL,-0.5,1,1,0.5,6.98,23,2,7,0,0,0,38.2,43,30,30,9,17,0,30,3,0,1,173,59,6.16,1.552,10,2.1,4,7,1.76,No
379,Chris Murphy*,27,BOS,AL,0.5,3,0,1,3.12,23,0,12,0,0,0,34.2,21,12,12,4,20,1,30,5,0,1,148,133,5.07,1.183,5.5,1,5.2,7.8,1.5,No
380,Luis Mey,24,CIN,NL,0.5,2,0,1,3.43,23,0,7,0,0,0,21,17,8,8,3,17,0,21,1,0,2,96,135,5.56,1.619,7.3,1.3,7.3,9,1.24,No
381,Sam Bachman,25,LAA,AL,-0.2,2,3,0.4,6.2,23,0,5,0,0,0,20.1,22,15,14,1,10,0,18,1,0,2,94,70,3.63,1.574,9.7,0.4,4.4,8,1.8,No
382,Sam Moll*,33,CIN,NL,-0.5,1,0,1,6.38,23,0,3,0,0,0,18.1,16,16,13,4,10,0,22,0,0,4,81,73,5.21,1.418,7.9,2,4.9,10.8,2.2,No
383,Nathan Eovaldi,35,TEX,AL,4.2,11,3,0.786,1.73,22,22,0,1,1,0,130,90,28,25,10,21,1,129,7,0,6,496,211,2.8,0.854,6.2,0.7,1.5,8.9,6.14,No
384,Grant Holmes,29,ATL,NL,1.4,4,9,0.308,3.99,22,21,1,0,0,0,115,100,52,51,16,54,1,123,7,0,5,492,104,4.4,1.339,7.8,1.3,4.2,9.6,2.28,No
385,Kodai Senga,32,NYM,NL,2.1,7,6,0.538,3.02,22,22,0,0,0,0,113.1,94,44,38,12,55,0,109,3,0,5,482,133,4.12,1.315,7.5,1,4.4,8.7,1.98,No
386,Cade Povich*,25,BAL,AL,-0.2,3,8,0.273,5.21,22,20,0,0,0,0,112.1,125,70,65,17,43,2,118,1,0,6,488,77,4.18,1.496,10,1.4,3.4,9.5,2.74,No
387,Landen Roupp,26,SFG,NL,0.8,7,7,0.5,3.8,22,22,0,0,0,0,106.2,113,55,45,11,45,1,102,3,1,7,476,105,3.91,1.481,9.5,0.9,3.8,8.6,2.27,No
388,Jonathan Cannon,24,CHW,AL,-0.5,4,10,0.286,5.82,22,17,1,0,0,0,103.2,116,69,67,19,38,1,86,6,1,2,466,72,5.13,1.486,10.1,1.6,3.3,7.5,2.26,No
389,Emerson Hancock,26,SEA,AL,-0.2,4,5,0.444,4.9,22,16,2,0,0,0,90,93,51,49,15,31,0,64,5,1,2,385,77,5.08,1.378,9.3,1.5,3.1,6.4,2.06,No
390,Michael Soroka,27,2TM,NL,0.6,3,8,0.273,4.52,22,17,1,0,0,0,89.2,72,49,45,12,29,0,95,15,1,2,379,91,4.23,1.126,7.2,1.2,2.9,9.5,3.28,No
391,Tobias Myers,26,MIL,NL,0.6,1,2,0.333,3.55,22,6,8,0,0,0,50.2,54,21,20,5,15,0,38,2,1,0,220,117,3.93,1.362,9.6,0.9,2.7,6.8,2.53,No
392,Jake Woodford,28,ARI,NL,-0.8,0,4,0,6.44,22,0,8,0,0,3,36.1,45,28,26,3,13,1,23,3,0,1,170,68,4.26,1.596,11.1,0.7,3.2,5.7,1.77,No
393,Orlando Ribalta,27,WSN,NL,-0.3,0,0,,7.03,22,0,7,0,0,0,24.1,28,19,19,6,17,0,25,1,1,0,120,59,6.51,1.849,10.4,2.2,6.3,9.2,1.47,No
394,John Brebbia,35,2TM,2LG,-0.7,1,1,0.5,7.71,22,0,13,0,0,0,23.1,28,23,20,5,12,0,26,4,0,2,115,55,5.75,1.714,10.8,1.9,4.6,10,2.17,No
395,Grant Holman,25,ATH,AL,0.1,4,2,0.667,5.09,22,2,7,0,0,0,23,26,14,13,3,9,0,17,1,0,1,103,83,4.66,1.522,10.2,1.2,3.5,6.7,1.89,No
396,Beau Brieske,27,DET,AL,-0.8,1,3,0.25,6.55,22,1,9,0,0,1,22,24,20,16,5,12,1,16,0,0,2,103,64,6.27,1.636,9.8,2,4.9,6.5,1.33,No
397,Yimi Garc�a,34,TOR,AL,0.1,1,2,0.333,3.86,22,0,4,0,0,3,21,13,10,9,2,12,1,25,1,0,2,90,112,3.85,1.19,5.6,0.9,5.1,10.7,2.08,No
398,Paul Sewald,35,2TM,AL,-0.1,1,1,0.5,4.58,22,0,5,0,0,2,19.2,18,11,10,4,6,0,20,0,0,0,81,94,4.66,1.22,8.2,1.8,2.7,9.2,3.33,No
399,Edgardo Henriquez,23,LAD,NL,0.5,2,1,0.667,2.37,22,0,3,0,0,1,19,17,5,5,2,5,0,18,0,0,2,78,178,3.4,1.158,8.1,0.9,2.4,8.5,3.6,No
400,Luis Peralta*,24,COL,NL,-0.8,1,3,0.25,9.47,22,0,2,0,0,0,19,26,22,20,6,18,0,16,2,1,1,101,52,8.71,2.316,12.3,2.8,8.5,7.6,0.89,No
402,Adrian Houser,32,2TM,AL,3.3,8,5,0.615,3.31,21,21,0,0,0,0,125,122,49,46,10,38,0,92,8,3,5,518,126,3.81,1.28,8.8,0.7,2.7,6.6,2.42,No
403,Janson Junk,29,MIA,NL,1,6,4,0.6,4.17,21,16,3,0,0,1,110,112,54,51,8,13,0,77,4,0,2,447,106,3.15,1.136,9.2,0.7,1.1,6.3,5.92,No
404,Chase Dollander,23,COL,NL,-0.3,2,12,0.143,6.52,21,21,0,0,0,0,98,103,76,71,18,49,0,82,6,0,2,441,75,5.53,1.551,9.5,1.7,4.5,7.5,1.67,No
405,Jacob Lopez*,27,ATH,AL,1.1,7,7,0.5,4.08,21,17,1,0,0,0,92.2,81,47,42,15,37,0,113,8,1,0,399,103,4.26,1.273,7.9,1.5,3.6,11,3.05,No
406,Hayden Birdsong,23,SFG,NL,-0.5,4,4,0.5,4.8,21,10,2,0,0,0,65.2,61,42,35,10,37,0,68,5,0,6,298,83,4.96,1.492,8.4,1.4,5.1,9.3,1.84,No
407,Yoendrys G�mez,25,3TM,2LG,0,3,3,0.5,5.17,21,9,8,0,0,1,62.2,60,40,36,12,27,0,58,4,0,2,277,82,5.26,1.388,8.6,1.7,3.9,8.3,2.15,No
408,Chris Flexen,30,CHC,NL,0.4,5,1,0.833,3.09,21,1,12,0,0,1,43.2,38,18,15,7,12,0,22,0,0,3,178,125,5.04,1.145,7.8,1.4,2.5,4.5,1.83,No
409,Grant Wolfram*,28,BAL,AL,-0.4,3,1,0.75,5.4,21,0,3,0,0,0,26.2,35,20,16,2,15,1,31,1,0,3,133,75,3.59,1.875,11.8,0.7,5.1,10.5,2.07,No
410,Connor Phillips,24,CIN,NL,0.7,5,0,1,2.88,21,0,5,0,0,0,25,11,9,8,3,12,0,32,2,0,2,98,161,3.82,0.92,4,1.1,4.3,11.5,2.67,No
411,Michael Tonkin,35,MIN,AL,0.2,2,1,0.667,4.88,21,0,7,0,0,0,24,20,13,13,3,8,0,19,5,0,1,103,89,4.8,1.167,7.5,1.1,3,7.1,2.38,No
412,Julian Merryweather,33,CHC,NL,-0.5,0,1,0,5.79,21,0,2,0,0,0,18.2,23,13,12,2,11,2,15,0,0,1,88,68,4.69,1.821,11.1,1,5.3,7.2,1.36,No
413,Scott Alexander*,35,2TM,NL,0,1,1,0.5,6.11,21,0,4,0,0,0,17.2,23,12,12,5,9,0,8,1,0,0,81,81,7.61,1.811,11.7,2.5,4.6,4.1,0.89,No
415,Eury P�rez,22,MIA,NL,1.2,7,6,0.538,4.25,20,20,0,0,0,0,95.1,68,47,45,12,32,0,105,3,2,9,385,104,3.67,1.049,6.4,1.1,3,9.9,3.28,No
416,Keider Montero,24,DET,AL,0.7,5,3,0.625,4.37,20,12,1,0,0,0,90.2,95,46,44,16,31,0,72,2,0,2,389,95,4.93,1.39,9.4,1.6,3.1,7.1,2.32,No
417,Colton Gordon*,26,HOU,AL,-0.4,6,4,0.6,5.34,20,14,2,0,0,1,86,103,54,51,21,19,2,72,2,1,3,379,79,5.37,1.419,10.8,2.2,2,7.5,3.79,No
418,Bryse Wilson,27,CHW,AL,-0.7,0,2,0,6.65,20,5,8,0,0,0,47.1,67,37,35,11,19,0,28,2,0,0,224,63,6.31,1.817,12.7,2.1,3.6,5.3,1.47,No
419,Kyle Hart*,32,SDP,NL,-0.4,3,3,0.5,5.86,20,6,2,0,0,0,43,38,28,28,9,13,0,37,2,1,0,179,73,5.18,1.186,8,1.9,2.7,7.7,2.85,No
420,DL Hall*,26,MIL,NL,0.6,1,0,1,3.49,20,3,2,0,0,0,38.2,24,15,15,2,17,0,27,0,0,0,155,120,3.73,1.06,5.6,0.5,4,6.3,1.59,No
421,Matt Bowman,34,BAL,AL,-0.3,0,1,0,6.2,20,0,8,0,0,0,24.2,31,18,17,4,6,0,18,2,0,1,114,66,4.76,1.5,11.3,1.5,2.2,6.6,3,No
422,Chris Roycroft,28,STL,NL,-0.9,1,3,0.25,7.84,20,0,10,0,0,0,20.2,26,21,18,2,12,1,15,1,0,3,101,53,4.83,1.839,11.3,0.9,5.2,6.5,1.25,No
423,Jes�s Tinoco,30,MIA,NL,-0.1,2,1,0.667,5.12,20,0,8,0,0,4,19.1,17,12,11,1,8,1,10,0,0,0,80,87,4.02,1.293,7.9,0.5,3.7,4.7,1.25,No
424,David Robertson,40,PHI,NL,0.2,2,0,1,4.08,20,0,4,0,0,2,17.2,18,9,8,4,8,1,22,0,0,0,78,110,4.95,1.472,9.2,2,4.1,11.2,2.75,No
425,Stephen Kolek,28,2TM,2LG,2,5,7,0.417,3.51,19,19,0,1,1,0,112.2,98,49,44,9,31,1,77,7,0,0,461,121,3.82,1.145,7.8,0.7,2.5,6.2,2.48,No
426,Hunter Greene,25,CIN,NL,4.4,7,4,0.636,2.76,19,19,0,1,1,0,107.2,75,35,33,15,26,0,132,2,0,5,420,166,3.28,0.938,6.3,1.3,2.2,11,5.08,No
427,Ryan Bergert,25,2TM,2LG,1.4,2,2,0.5,3.66,19,15,2,0,0,0,76.1,61,32,31,8,35,1,73,1,0,2,323,115,4,1.258,7.2,0.9,4.1,8.6,2.09,No
428,Ryan Yarbrough*,33,NYY,AL,0.6,3,1,0.75,4.36,19,8,4,0,0,1,64,58,31,31,13,19,0,55,2,0,0,264,94,5.04,1.203,8.2,1.8,2.7,7.7,2.89,No
429,Ian Seymour*,26,TBR,AL,-0.1,4,3,0.571,3.63,19,5,7,0,0,0,57,48,33,23,5,19,1,64,3,0,0,242,113,3.19,1.175,7.6,0.8,3,10.1,3.37,No
430,Jos� Ure�a,33,5TM,2LG,0.4,0,1,0,4.58,19,6,8,0,0,1,55,57,29,28,8,23,1,34,3,0,2,245,96,5.21,1.455,9.3,1.3,3.8,5.6,1.48,No
431,Sean Reynolds,27,SDP,NL,-0.1,0,1,0,5.33,19,1,4,0,0,0,27,20,16,16,4,17,0,25,3,0,1,117,81,5.43,1.37,6.7,1.3,5.7,8.3,1.47,No
432,Hunter Strickland,36,LAA,AL,0.6,1,2,0.333,3.27,19,0,6,0,0,1,22,17,9,8,2,10,2,14,0,0,1,91,132,4.41,1.227,7,0.8,4.1,5.7,1.4,No
433,Cionel P�rez*,29,BAL,AL,-0.6,0,0,,8.31,19,0,6,0,0,0,21.2,28,22,20,3,18,1,21,2,1,1,110,49,5.77,2.123,11.6,1.2,7.5,8.7,1.17,No
434,Kendall Graveman,34,ARI,NL,-0.4,1,0,1,7.13,19,0,4,0,0,0,17.2,23,14,14,2,12,0,9,1,0,0,82,62,5.8,1.981,11.7,1,6.1,4.6,0.75,No
435,Evan Sisk*,28,2TM,2LG,0.2,1,1,0.5,3.57,19,0,5,0,0,0,17.2,16,7,7,1,10,0,25,2,1,3,80,123,3.08,1.472,8.2,0.5,5.1,12.7,2.5,No
436,Nick Sandlin,28,TOR,AL,0.3,0,2,0,2.2,19,0,4,0,0,1,16.1,11,7,4,2,8,0,16,2,0,1,69,197,4.61,1.163,6.1,1.1,4.4,8.8,2,No
437,Trevor Rogers*,27,BAL,AL,5.5,9,3,0.75,1.81,18,18,0,1,0,0,109.2,70,23,22,6,29,0,103,2,1,0,423,223,2.82,0.903,5.7,0.5,2.4,8.5,3.55,No
438,Tyler Glasnow,31,LAD,NL,1.9,4,3,0.571,3.19,18,18,0,0,0,0,90.1,56,33,32,10,43,0,106,3,2,5,366,130,3.76,1.096,5.6,1,4.3,10.6,2.47,No
439,Bryce Miller,26,SEA,AL,-0.8,4,6,0.4,5.68,18,18,0,0,0,0,90.1,93,57,57,17,34,0,74,3,0,2,392,67,5.17,1.406,9.3,1.7,3.4,7.4,2.18,No
440,Jason Alexander,32,2TM,AL,0.6,4,2,0.667,4.77,18,13,4,0,0,1,77.1,80,45,41,15,26,0,65,3,0,1,336,88,5.1,1.371,9.3,1.7,3,7.6,2.5,No
441,Travis Adams,25,MIN,AL,-0.9,1,4,0.2,7.49,18,2,3,0,0,0,33.2,39,29,28,6,17,0,31,3,0,5,158,58,5.39,1.663,10.4,1.6,4.5,8.3,1.82,No
442,Cole Sulser,35,TBR,AL,0.6,2,1,0.667,1.99,18,0,11,0,0,0,22.2,20,5,5,1,7,1,22,0,0,0,90,210,2.69,1.191,7.9,0.4,2.8,8.7,3.14,No
443,Yaramil Hiraldo,29,BAL,AL,-0.2,0,0,,4.58,18,0,6,0,0,0,19.2,17,13,10,4,9,0,21,0,0,2,84,89,5.02,1.322,7.8,1.8,4.1,9.6,2.33,No
444,Alexis D�az,28,3TM,NL,-0.7,1,0,1,8.15,18,0,4,0,0,0,17.2,15,17,16,6,12,0,17,5,0,0,85,56,8.51,1.528,7.6,3.1,6.1,8.7,1.42,No
445,Fraser Ellard*,27,CHW,AL,0,1,2,0.333,4.24,18,3,5,0,0,0,17,8,9,8,1,19,0,22,1,0,3,74,101,4.84,1.588,4.2,0.5,10.1,11.6,1.16,No
446,Dauri Moreta,29,PIT,NL,0.3,1,1,0.5,3.24,18,0,6,0,0,0,16.2,16,8,6,2,7,1,19,0,0,0,68,135,3.68,1.38,8.6,1.1,3.8,10.3,2.71,No
447,Jos� Ruiz,30,2TM,NL,-0.7,1,0,1,8.82,18,0,2,0,0,0,16.1,23,17,16,3,9,0,15,0,1,0,79,52,5.34,1.959,12.7,1.7,5,8.3,1.67,No
448,Lucas Sims,31,WSN,NL,-0.9,1,0,1,13.86,18,0,2,0,0,0,12.1,14,19,19,2,14,0,13,7,0,3,72,30,8.24,2.27,10.2,1.5,10.2,9.5,0.93,No
449,Spencer Schwellenbach,25,ATL,NL,2.2,7,4,0.636,3.09,17,17,0,1,0,0,110.2,89,44,38,13,18,1,108,2,0,2,434,134,3.25,0.967,7.2,1.1,1.5,8.8,6,No
450,Michael McGreevy,24,STL,NL,0.7,8,4,0.667,4.42,17,16,1,0,0,0,95.2,100,50,47,12,20,0,58,3,1,0,400,93,4.28,1.254,9.4,1.1,1.9,5.5,2.9,No
451,Aaron Nola,32,PHI,NL,-0.3,5,10,0.333,6.01,17,17,0,0,0,0,94.1,99,65,63,18,28,0,97,4,0,1,404,73,4.58,1.346,9.4,1.7,2.7,9.3,3.46,No
452,Max Scherzer,40,TOR,AL,0.2,5,5,0.5,5.19,17,17,0,0,0,0,85,87,49,49,19,23,0,82,2,0,2,358,82,4.99,1.294,9.2,2,2.4,8.7,3.57,No
453,Trevor Williams,33,WSN,NL,-0.6,3,10,0.231,6.21,17,17,0,0,0,0,82.2,106,59,57,11,21,0,65,2,0,1,373,66,4.13,1.536,11.5,1.2,2.3,7.1,3.1,No
454,Anthony Molina,23,COL,NL,-0.3,1,1,0.5,7.27,17,1,5,0,0,0,34.2,52,30,28,12,6,0,24,2,1,1,160,67,6.94,1.673,13.5,3.1,1.6,6.2,4,No
455,JT Brubaker,31,2TM,2LG,0.3,0,0,,3.77,17,1,11,0,0,0,28.2,23,12,12,0,12,1,22,1,0,2,117,109,2.96,1.221,7.2,0,3.8,6.9,1.83,No
456,Brent Headrick*,27,NYY,AL,0.3,0,0,,3.13,17,0,4,0,0,0,23,17,8,8,4,7,1,30,1,0,2,92,132,3.83,1.043,6.7,1.6,2.7,11.7,4.29,No
457,Joel Peguero,28,SFG,NL,0.8,3,1,0.75,2.42,17,0,4,0,0,0,22.1,15,7,6,2,8,1,17,0,1,0,86,167,3.85,1.03,6,0.8,3.2,6.9,2.13,No
458,Luis Curvelo,24,TEX,AL,-0.4,1,1,0.5,5.68,17,0,4,0,0,0,19,17,13,12,3,10,1,20,0,0,0,84,66,4.66,1.421,8.1,1.4,4.7,9.5,2,No
459,Corbin Martin,29,BAL,AL,-0.5,1,0,1,6,17,0,7,0,0,2,18,22,15,12,4,9,0,23,2,1,1,89,68,5.3,1.722,11,2,4.5,11.5,2.56,No
460,Justin Lawrence,30,PIT,NL,1,1,0,1,0.51,17,0,3,0,0,0,17.2,9,1,1,0,8,2,23,2,0,2,69,855,2.23,0.962,4.6,0,4.1,11.7,2.88,No
461,Justin Mart�nez,23,ARI,NL,0.2,1,2,0.333,4.11,17,0,9,0,0,5,15.1,7,8,7,1,12,1,22,3,0,2,67,107,4.05,1.239,4.1,0.6,7,12.9,1.83,No
462,Luis Ortiz,26,CLE,AL,0.6,4,9,0.308,4.36,16,16,0,0,0,0,88.2,80,44,43,12,42,0,96,1,0,0,382,96,4.18,1.376,8.1,1.2,4.3,9.7,2.29,No
463,Tyler Mahle,30,TEX,AL,2.1,6,4,0.6,2.18,16,16,0,0,0,0,86.2,69,21,21,5,29,0,66,0,1,0,346,168,3.37,1.131,7.2,0.5,3,6.9,2.28,No
464,Logan Evans,24,SEA,AL,0,6,5,0.545,4.32,16,15,0,0,0,0,81.1,82,45,39,13,31,1,59,4,0,5,350,88,5.05,1.389,9.1,1.4,3.4,6.5,1.9,No
465,Zebby Matthews,25,MIN,AL,0.2,5,6,0.455,5.56,16,16,0,0,0,0,79.1,94,50,49,12,24,0,88,0,0,2,354,77,3.79,1.487,10.7,1.4,2.7,10,3.67,No
466,Griffin Canning,29,NYM,NL,1.1,7,3,0.7,3.77,16,16,0,0,0,0,76.1,70,35,32,8,35,0,70,0,0,3,328,107,4.04,1.376,8.3,0.9,4.1,8.3,2,No
467,Lance McCullers Jr.,31,HOU,AL,-1.1,2,5,0.286,6.51,16,13,2,0,0,0,55.1,61,45,40,10,39,0,61,7,0,1,274,65,5.77,1.807,9.9,1.6,6.3,9.9,1.56,No
468,Troy Melton,24,DET,AL,1,3,2,0.6,2.76,16,4,0,0,0,0,45.2,31,15,14,7,15,0,36,1,0,2,180,151,4.6,1.007,6.1,1.4,3,7.1,2.4,No
469,Carson Seymour,26,SFG,NL,-0.2,1,3,0.25,4.75,16,3,7,0,0,0,36,37,21,19,9,13,0,26,1,0,0,156,84,6.11,1.389,9.3,2.3,3.3,6.5,2,No
470,Wikelman Gonz�lez,23,CHW,AL,0.2,1,0,1,2.66,16,0,6,0,0,0,20.1,13,9,6,1,12,0,25,0,0,0,87,160,3.09,1.23,5.8,0.4,5.3,11.1,2.08,No
471,Brooks Kriske,31,2TM,2LG,-0.6,0,1,0,7.5,16,0,7,0,0,0,18,20,15,15,1,15,1,18,0,0,1,88,57,4.36,1.944,10,0.5,7.5,9,1.2,No
472,Bryan Hudson*,28,2TM,2LG,-0.2,0,1,0,4.8,16,0,2,0,0,0,15,15,10,8,2,13,2,19,2,1,0,75,91,5.34,1.867,9,1.2,7.8,11.4,1.46,No
473,Tanner Gordon,27,COL,NL,-0.1,6,8,0.429,6.33,15,15,0,0,0,0,75.1,96,60,53,16,17,0,62,3,1,1,337,77,5.05,1.5,11.5,1.9,2,7.4,3.65,No
474,Michael King,30,SDP,NL,1.2,5,3,0.625,3.44,15,15,0,1,1,0,73.1,62,31,28,12,26,0,76,4,0,2,308,125,4.42,1.2,7.6,1.5,3.2,9.3,2.92,No
475,Emmet Sheehan,25,LAD,NL,1,6,3,0.667,2.82,15,12,0,0,0,0,73.1,49,29,23,7,22,0,89,2,0,2,291,147,2.93,0.968,6,0.9,2.7,10.9,4.05,No
476,Yu Darvish,38,SDP,NL,0,5,5,0.5,5.38,15,15,0,0,0,0,72,66,44,43,14,19,0,68,6,0,4,296,80,4.82,1.181,8.3,1.8,2.4,8.5,3.58,No
478,Sean Manaea*,33,NYM,NL,-0.4,2,4,0.333,5.64,15,12,2,0,0,0,60.2,62,38,38,13,12,0,75,7,0,2,263,72,4.39,1.22,9.2,1.9,1.8,11.1,6.25,No
479,Paul Blackburn,31,2TM,2LG,-0.5,0,3,0,6.23,15,4,10,0,0,1,39,47,29,27,6,12,0,34,1,1,1,175,66,4.39,1.513,10.8,1.4,2.8,7.8,2.83,No
480,Chris Stratton,34,2TM,2LG,-0.5,0,0,,7.71,15,0,9,0,0,0,21,32,20,18,4,10,0,22,0,0,0,104,55,4.95,2,13.7,1.7,4.3,9.4,2.2,No
481,Hunter Stratton,28,2TM,NL,0,1,1,0.5,5.21,15,0,6,0,0,1,19,23,12,11,3,7,0,16,3,0,0,89,83,5.08,1.579,10.9,1.4,3.3,7.6,2.29,No
482,Michael Petersen,31,2TM,NL,0.1,0,0,,4,15,0,4,0,0,0,18,18,11,8,3,7,2,17,0,0,2,79,112,4.58,1.389,9,1.5,3.5,8.5,2.43,No
483,Jackson Kowar,28,SEA,AL,0.1,2,0,1,4.24,15,0,9,0,0,0,17,14,8,8,4,7,0,15,1,0,2,71,91,5.84,1.235,7.4,2.1,3.7,7.9,2.14,No
484,Tim Mayza*,33,2TM,NL,0.2,0,0,,3.78,15,0,5,0,0,0,16.2,17,7,7,2,5,0,15,2,0,1,74,119,4.16,1.32,9.2,1.1,2.7,8.1,3,No
485,Justin Bruihl*,28,TOR,AL,-0.2,0,0,,5.27,15,0,1,0,0,0,13.2,19,10,8,2,7,3,18,1,0,0,65,83,4.16,1.902,12.5,1.3,4.6,11.9,2.57,No
486,Daniel Robert,30,PHI,NL,0,0,0,,4.15,15,0,5,0,0,0,13,11,7,6,2,10,0,15,0,0,0,59,109,5.14,1.615,7.6,1.4,6.9,10.4,1.5,No
487,Penn Murfee,31,CHW,AL,-0.3,0,1,0,7.82,15,0,4,0,0,0,12.2,19,11,11,3,5,0,13,1,0,0,63,55,5.58,1.895,13.5,2.1,3.6,9.2,2.6,No
488,Clarke Schmidt,29,NYY,AL,1.7,4,4,0.5,3.32,14,14,0,0,0,0,78.2,56,29,29,9,30,0,73,1,2,2,316,123,3.95,1.093,6.4,1,3.4,8.4,2.43,No
489,Pablo L�pez,29,MIN,AL,2.1,5,4,0.556,2.74,14,14,0,0,0,0,75.2,64,28,23,6,20,0,73,4,2,1,312,156,3.19,1.11,7.6,0.7,2.4,8.7,3.65,No
490,Cam Schlittler,24,NYY,AL,2,4,3,0.571,2.96,14,14,0,0,0,0,73,58,24,24,8,31,0,84,5,0,3,304,138,3.74,1.219,7.2,1,3.8,10.4,2.71,No
491,Zach Eflin,31,BAL,AL,-0.4,6,5,0.545,5.93,14,14,0,0,0,0,71.1,88,48,47,18,13,0,50,2,0,1,309,68,5.65,1.416,11.1,2.3,1.6,6.3,3.85,No
492,Tylor Megill,29,NYM,NL,0.3,5,5,0.5,3.95,14,14,0,0,0,0,68.1,60,37,30,6,33,0,89,7,0,3,305,102,3.43,1.361,7.9,0.8,4.3,11.7,2.7,No
493,Kumar Rocker,25,TEX,AL,-1.1,4,5,0.444,5.74,14,14,0,0,0,0,64.1,71,42,41,11,23,0,56,4,0,6,287,64,4.88,1.461,9.9,1.5,3.2,7.8,2.43,No
494,Bowden Francis,29,TOR,AL,-0.8,2,8,0.2,6.05,14,14,0,0,0,0,64,71,46,43,19,27,0,54,6,0,3,288,71,6.85,1.531,10,2.7,3.8,7.6,2,No
495,Bradley Blalock,24,COL,NL,-1.6,2,6,0.25,9.36,14,12,2,0,0,0,58.2,85,61,61,17,23,1,27,3,0,2,275,52,7.31,1.841,13,2.6,3.5,4.1,1.17,No
497,Pierson Ohl,25,MIN,AL,-0.3,0,3,0,5.1,14,3,3,0,0,0,30,38,22,17,5,7,0,27,0,0,0,133,85,4.2,1.5,11.4,1.5,2.1,8.1,3.86,No
498,Andre Granillo,25,STL,NL,0.1,1,0,1,4.71,14,0,6,0,0,1,21,22,11,11,3,7,0,18,1,0,2,91,88,4.42,1.381,9.4,1.3,3,7.7,2.57,No
499,Noah Murdock,26,ATH,AL,-1.4,1,1,0.5,13.24,14,0,2,0,0,0,17,26,25,25,0,20,3,21,2,1,0,98,32,4.55,2.706,13.8,0,10.6,11.1,1.05,No
500,Will Klein,25,LAD,NL,0.2,1,1,0.5,2.35,14,0,5,0,0,0,15.1,14,6,4,0,10,0,21,2,0,0,70,181,2.74,1.565,8.2,0,5.9,12.3,2.1,No
