player,recent_team,week,season_type,opponent_team,completions,attempts,passing_yards,passing_tds,interceptions,sacks,sack_yards,passing_epa,carries,rushing_yards,rushing_tds,rushing_first_downs,rushing_epa,fantasy_points,npy_a
Kirk Cousins,ATL,5,REG,TB,42,58,509,4,1,4,32,21.91405089,0,0,0,0,,34.36,7.693548387
Jameis Winston,CLE,13,REG,DEN,34,58,497,4,3,3,22,-3.392280854,3,11,0,1,2.003290166,32.98,7.786885246
Jared Goff,DET,15,REG,BUF,38,59,494,5,0,3,21,27.99841333,2,13,0,1,1.440953571,41.06,7.629032258
Joe Burrow,CIN,10,REG,BAL,34,56,428,4,0,3,7,13.18119832,2,6,0,0,-0.938973274,33.72,7.13559322
Russell Wilson,PIT,13,REG,CIN,29,38,414,3,1,2,4,15.51566477,3,3,0,0,-1.976664388,26.86,10.25
Joe Burrow,CIN,17,REG,DEN,39,49,412,3,0,7,28,18.63396873,4,25,1,2,4.672375763,36.98,6.857142857
Jared Goff,DET,11,REG,JAX,24,29,412,4,0,0,0,32.97643591,4,21,0,2,3.512726106,34.58,14.20689655
Jameis Winston,CLE,11,REG,NO,30,46,395,2,0,3,18,8.977588935,1,8,0,0,0.065209959,26.6,7.693877551
Geno Smith,SEA,4,REG,DET,38,56,395,1,1,3,12,9.814202348,5,38,0,4,4.240379662,21.6,6.491525424
Joe Burrow,CIN,5,REG,BAL,30,39,392,5,1,3,21,23.6110696,2,1,0,0,-0.863639902,33.78,8.833333333
Jordan Love,GB,4,REG,MIN,32,54,389,4,3,1,10,-6.070132399,1,6,0,1,1.530955581,28.16,6.890909091
Dak Prescott,DAL,3,REG,BAL,28,51,379,2,0,3,18,8.091160795,2,7,1,1,0.612302629,29.86,6.685185185
Brock Purdy,SF,17,REG,DET,27,35,377,3,2,2,12,13.32500946,3,12,1,2,3.694956787,30.28,9.864864865
Sam Darnold,MIN,17,REG,GB,33,43,377,3,1,1,5,12.19130658,3,-3,0,0,-1.502715429,24.78,8.454545455
Trevor Lawrence,JAX,5,REG,IND,28,34,371,2,1,0,0,16.75668475,2,4,0,2,2.590081341,21.24,10.91176471
Baker Mayfield,TB,7,REG,BAL,31,45,370,3,2,3,14,12.14004793,5,22,0,1,-4.226181782,27,7.416666667
Joe Burrow,CIN,14,REG,DAL,33,44,369,3,1,2,10,10.57528745,2,-2,0,0,-1.033064506,24.56,7.804347826
Tua Tagovailoa,MIA,13,REG,GB,37,46,365,2,0,5,29,11.83711647,2,6,0,0,-2.295257243,25.2,6.588235294
Geno Smith,SEA,9,REG,LA,21,34,363,3,3,7,46,-5.465296312,6,16,0,1,-5.620962421,22.12,7.731707317
Caleb Williams,CHI,3,REG,IND,33,52,363,2,2,4,31,-6.637547265,1,8,0,1,0.366123117,17.32,5.928571429
Josh Allen,BUF,15,REG,DET,23,34,362,2,0,0,0,19.88584447,11,68,2,6,6.024579247,41.28,10.64705882
Baker Mayfield,TB,17,REG,CAR,27,32,359,5,0,2,10,25.20525337,1,2,0,0,-0.751803954,34.56,10.26470588
Joe Flacco,IND,5,REG,JAX,33,44,359,3,0,4,35,10.40488087,3,22,0,2,3.071087512,26.56,6.75
Joe Burrow,CIN,11,REG,LAC,28,50,356,3,0,3,14,6.436153141,2,28,0,2,2.839614693,29.04,6.452830189
Cooper Rush,DAL,11,REG,HOU,32,55,354,1,1,5,34,-13.67956624,2,2,0,0,-1.985005874,16.36,5.333333333
Brock Purdy,SF,10,REG,TB,25,36,353,2,0,3,15,17.42038858,4,17,0,1,1.200601039,23.82,8.666666667
Dak Prescott,DAL,5,REG,PIT,29,42,352,2,2,2,16,10.67730303,1,3,0,0,0.259904212,16.38,7.636363636
Justin Herbert,LAC,7,REG,ARI,27,39,349,0,0,3,13,13.25013419,2,8,0,0,0.256965921,14.76,8
Lamar Jackson,BAL,5,REG,CIN,26,42,348,4,0,1,3,21.24820987,12,55,0,1,-6.307046036,33.42,8.023255814
Sam Darnold,MIN,14,REG,ATL,22,28,347,5,0,4,29,23.60484577,4,7,0,0,-1.672860306,34.58,9.9375
Baker Mayfield,TB,4,REG,PHI,30,47,347,2,0,2,13,9.353125649,4,10,1,2,-0.956441928,28.88,6.816326531
Justin Herbert,LAC,18,REG,LV,28,36,346,2,0,1,10,16.68790346,4,42,0,2,1.736318516,28.04,9.081081081
C.J. Stroud,HOU,4,REG,JAX,27,40,345,2,0,2,11,14.30558793,3,17,0,2,0.366475192,23.5,7.952380952
Kirk Cousins,ATL,14,REG,MIN,23,37,344,0,2,1,6,0.715776417,0,0,0,0,,9.76,8.894736842
Josh Allen,BUF,14,REG,LA,22,37,342,3,0,0,0,16.82364494,10,82,3,6,9.629929427,51.88,9.243243243
Caleb Williams,CHI,12,REG,MIN,32,47,340,2,0,3,20,4.361168385,6,33,0,3,3.708372691,26.9,6.4
Aidan O'Connell,LV,13,REG,KC,23,35,340,2,0,3,22,9.183151338,1,0,0,0,-2.120861235,19.6,8.368421053
Aaron Rodgers,NYJ,14,REG,MIA,27,39,339,1,0,3,20,14.79969728,0,0,0,0,,17.56,7.595238095
Tua Tagovailoa,MIA,1,REG,JAX,23,37,338,1,0,3,19,4.323552239,1,11,0,1,1.000808961,18.62,7.975
Jared Goff,DET,16,REG,CHI,23,32,336,3,0,1,7,15.49068331,1,-1,0,0,0,25.34,9.96969697
Jameis Winston,CLE,8,REG,BAL,27,41,334,3,0,2,13,12.84656042,2,2,0,2,0.77096231,23.56,7.465116279
Caleb Williams,CHI,16,REG,DET,26,40,334,2,0,2,11,16.46451891,6,34,0,1,-5.781416588,22.76,7.69047619
Jimmy Garoppolo,LA,18,REG,SEA,27,41,334,2,1,3,15,3.024632184,2,5,0,0,-1.988579761,19.86,7.25
Tua Tagovailoa,MIA,14,REG,NYJ,33,47,331,2,0,0,0,20.03473021,1,3,0,0,-0.057950697,23.54,7.042553191
C.J. Stroud,HOU,5,REG,BUF,28,38,331,1,1,1,0,6.226307805,3,27,0,2,0.788095164,15.94,8.487179487
Patrick Mahomes,KC,5,REG,NO,28,39,331,0,1,2,10,2.95011155,6,22,0,3,3.250921768,13.44,7.829268293
Baker Mayfield,TB,8,REG,ATL,37,50,330,3,2,0,0,8.490934669,3,11,0,2,3.635955242,22.3,6.6
Sam Darnold,MIN,12,REG,CHI,22,34,330,2,0,3,16,10.17537104,2,-1,0,1,-1.45367931,21.1,8.486486486
Joe Flacco,IND,17,REG,NYG,26,38,330,2,2,2,10,8.184719445,1,1,0,0,-0.406508379,15.3,8
Geno Smith,SEA,2,REG,NE,33,44,327,1,0,3,15,9.293157443,5,8,0,3,1.679732984,17.88,6.638297872
Joshua Dobbs,SF,18,REG,ARI,29,43,326,2,2,2,28,2.78190947,8,17,1,1,-5.140098048,22.74,6.622222222
Jayden Daniels,WAS,8,REG,CHI,21,38,326,1,0,2,13,6.438086703,8,52,0,2,4.174802429,22.24,7.825
Baker Mayfield,TB,6,REG,NO,24,36,325,4,3,1,8,4.156284829,3,29,0,1,1.914608881,25.9,8.567567568
Brock Purdy,SF,14,REG,CHI,20,25,325,2,0,1,4,22.78080664,5,11,0,2,0.060688787,22.1,12.34615385
Joe Burrow,CIN,3,REG,WAS,29,38,324,3,0,2,12,16.97496297,1,4,0,1,0.561709698,25.36,7.8
Matthew Stafford,LA,20,POST,PHI,26,44,324,2,0,5,33,3.747567411,2,5,0,0,-1.529874842,19.46,5.93877551
Josh Allen,BUF,7,REG,TEN,21,33,323,2,0,1,8,12.85194656,3,1,0,0,-2.200838721,21.02,9.264705882
Lamar Jackson,BAL,6,REG,WAS,20,26,323,1,1,2,15,11.00163138,11,40,0,3,-3.476427428,18.92,11
Bo Nix,DEN,18,REG,KC,26,29,321,4,0,0,0,25.95772983,7,47,0,5,5.593107272,33.54,11.06896552
Kyler Murray,ARI,17,REG,LA,33,48,321,1,2,4,38,2.223494521,4,32,0,1,1.696300216,16.04,5.442307692
Patrick Mahomes,KC,17,REG,PIT,29,38,320,3,0,0,0,20.09845948,1,12,0,1,1.19989328,26,8.421052632
Matthew Stafford,LA,14,REG,BUF,23,30,320,2,0,0,0,24.56409092,0,0,0,0,,20.8,10.66666667
Andy Dalton,CAR,3,REG,LV,26,37,319,3,0,2,13,13.30177882,2,-2,0,0,-2.528746481,24.56,7.846153846
Brock Purdy,SF,2,REG,MIN,28,36,319,1,1,6,25,0.564605895,2,12,0,1,-1.59153352,13.96,7
Tua Tagovailoa,MIA,12,REG,NE,29,40,317,4,0,2,9,13.06181557,3,-2,0,0,0,28.48,7.333333333
Matthew Stafford,LA,1,REG,DET,34,49,317,1,1,2,13,4.536420908,0,0,0,0,,14.68,5.960784314
Jared Goff,DET,6,REG,DAL,18,25,315,3,0,2,17,19.55894776,3,5,0,0,-0.532887823,25.1,11.03703704
Geno Smith,SEA,16,REG,MIN,31,43,314,3,2,2,12,0.303387767,1,8,0,0,0.551865762,21.36,6.711111111
Brock Purdy,SF,16,REG,MIA,26,40,313,2,1,3,20,4.943432835,4,26,0,2,1.269619488,21.12,6.813953488
Jared Goff,DET,20,POST,WAS,23,40,313,1,3,2,16,-4.439887656,1,7,0,1,1.678146128,9.22,7.071428571
Justin Fields,PIT,4,REG,IND,22,34,312,1,0,4,30,3.554025874,10,55,2,4,1.970537931,31.98,7.421052632
Michael Penix,ATL,18,REG,CAR,21,38,312,2,1,1,2,5.466879083,1,5,1,1,2.620054317,24.98,7.948717949
Geno Smith,SEA,6,REG,SF,30,52,312,1,2,1,6,3.716316446,1,0,0,0,-0.231147222,12.48,5.773584906
Jalen Hurts,PHI,3,REG,NO,29,38,311,0,1,4,23,-5.048568845,8,25,0,1,-0.195230008,10.94,6.857142857
Drew Lock,NYG,17,REG,IND,17,23,309,4,0,0,0,27.63103198,5,0,1,1,-0.096151395,34.36,13.43478261
Joe Burrow,CIN,13,REG,PIT,28,38,309,3,1,4,27,-1.194450142,2,9,0,0,-0.167929836,19.26,6.714285714
Trevor Lawrence,JAX,8,REG,GB,21,32,308,2,1,1,9,5.368962184,4,10,1,2,1.260731299,23.32,9.060606061
Bo Nix,DEN,11,REG,ATL,28,33,307,4,0,1,12,22.72140827,2,5,0,0,-0.622357464,28.78,8.676470588
Kyler Murray,ARI,8,REG,MIA,26,36,307,2,0,0,0,18.33353971,5,19,0,1,0.56816867,22.18,8.527777778
Jared Goff,DET,2,REG,TB,34,55,307,0,2,0,0,-13.66827438,2,5,0,1,0.067362555,8.78,5.581818182
Patrick Mahomes,KC,13,REG,LV,26,46,306,1,0,5,40,1.574442376,2,4,0,0,-0.056190317,16.64,5.215686275
Kirk Cousins,ATL,10,REG,NO,23,38,306,0,1,3,19,-1.245446489,0,0,0,0,,10.24,7
Caleb Williams,CHI,5,REG,CAR,20,29,304,2,0,1,8,15.08991418,5,34,0,3,3.099501757,23.56,9.866666667
Jared Goff,DET,17,REG,SF,26,34,303,3,0,2,16,20.86810836,3,-3,0,0,-1.670039927,25.82,7.972222222
Baker Mayfield,TB,16,REG,DAL,31,43,303,2,1,4,27,2.20109844,3,42,0,3,3.11422938,22.32,5.872340426
Jayden Daniels,WAS,20,POST,DET,22,31,299,2,0,0,0,19.17267531,16,51,0,4,-0.295174803,25.06,9.64516129
Bryce Young,CAR,13,REG,TB,26,46,298,1,0,1,9,4.518333095,3,17,1,1,2.131086646,23.62,6.14893617
Matthew Stafford,LA,9,REG,SEA,25,44,298,2,1,0,0,3.873418508,1,0,0,0,-0.969129607,17.92,6.772727273
Justin Herbert,LAC,11,REG,CIN,17,36,297,2,0,2,17,1.999099364,5,65,0,3,-0.951793395,24.38,7.368421053
Matthew Stafford,LA,11,REG,NE,18,27,295,4,0,0,0,16.00179266,4,0,0,1,-0.908100629,27.8,10.92592593
Baker Mayfield,TB,14,REG,LV,18,29,295,3,2,4,27,4.732747732,2,12,0,0,0.280278614,19,8.121212121
Will Levis,TEN,11,REG,MIN,17,31,295,1,1,5,34,1.866540065,7,18,0,2,-2.121016704,15.6,7.25
Baker Mayfield,TB,12,REG,NYG,24,30,294,0,0,0,0,16.71585633,4,29,1,3,1.233833488,18.66,9.8
Mac Jones,JAX,15,REG,NYJ,31,46,294,2,2,2,9,5.507388447,4,29,0,3,3.813745761,18.66,5.9375
Aaron Rodgers,NYJ,6,REG,BUF,23,35,294,2,1,3,22,11.1570516,0,0,0,0,,17.76,7.157894737
Bo Nix,DEN,13,REG,CLE,18,35,294,1,2,0,0,3.297869358,3,4,0,0,-1.708578342,12.16,8.4
Dak Prescott,DAL,2,REG,NO,27,39,293,1,2,3,14,-8.375609993,2,12,0,1,2.5945636,12.92,6.642857143
Matthew Stafford,LA,10,REG,MIA,32,46,293,0,1,4,36,-7.019565086,1,0,0,0,-2.02761054,9.72,5.14
Jared Goff,DET,4,REG,SEA,18,18,292,2,0,3,26,17.89840752,2,-2,0,0,0,26.18,12.66666667
Brock Purdy,SF,3,REG,LA,22,30,292,3,0,1,4,14.32209846,10,41,0,4,1.572723219,25.78,9.290322581
Cooper Rush,DAL,16,REG,TB,26,35,292,1,0,1,6,9.254545589,3,-4,0,0,-2.27160751,15.28,7.944444444
Patrick Mahomes,KC,1,REG,BAL,20,28,291,1,1,2,10,11.08440621,2,3,0,1,1.021992662,14.14,9.366666667
Patrick Mahomes,KC,9,REG,TB,34,44,291,3,0,4,31,16.10550987,2,9,0,1,0.517171542,24.54,5.416666667
Lamar Jackson,BAL,15,REG,NYG,21,25,290,5,0,2,10,24.62604584,6,65,0,4,-1.678124807,36.1,10.37037037
Lamar Jackson,BAL,10,REG,CIN,25,33,290,4,0,0,0,19.65990232,7,33,0,2,-0.022141969,32.9,8.787878788
Jalen Hurts,PHI,15,REG,PIT,25,32,290,2,0,3,20,21.31153848,15,45,1,5,-6.631816529,28.1,7.714285714
Sam Darnold,MIN,9,REG,IND,28,34,290,3,2,4,30,-6.185278176,4,14,0,3,1.563128248,19,6.842105263
Aaron Rodgers,NYJ,15,REG,JAX,16,30,289,3,0,1,14,12.7213219,6,45,0,3,5.179461195,30.06,8.870967742
Baker Mayfield,TB,1,REG,WAS,24,30,289,4,0,1,9,20.59176505,3,21,0,1,0.516796611,29.66,9.032258065
Lamar Jackson,BAL,8,REG,CLE,23,38,289,2,0,3,26,7.565711849,8,46,0,2,0.002859155,24.16,6.414634146
Geno Smith,SEA,3,REG,MIA,26,34,289,1,2,3,19,-0.812698219,2,-2,0,0,0,11.36,7.297297297
Baker Mayfield,TB,15,REG,LAC,22,27,288,4,1,1,5,17.86193652,2,25,0,1,0.776858427,28.02,10.10714286
Tua Tagovailoa,MIA,11,REG,LV,28,36,288,3,0,2,17,24.54144702,0,0,0,0,,23.52,7.131578947
Brock Purdy,SF,4,REG,NE,15,27,288,1,1,1,5,6.955035547,5,11,0,2,-0.63653589,14.62,10.10714286
C.J. Stroud,HOU,8,REG,IND,25,37,285,1,0,2,18,5.503707473,1,-10,0,0,-5.444918833,12.4,6.846153846
Kyler Murray,ARI,12,REG,SEA,24,37,285,0,1,5,36,-5.312439965,2,9,0,0,-0.478844306,10.3,5.928571429
Bo Nix,DEN,8,REG,CAR,28,37,284,3,0,2,17,13.63726206,5,4,1,2,1.376028829,29.76,6.846153846
Geno Smith,SEA,5,REG,NYG,28,40,284,1,0,7,53,-4.120158323,4,72,0,2,4.132050653,22.56,4.914893617
Justin Herbert,LAC,16,REG,DEN,23,31,284,2,1,2,21,11.26531166,8,28,0,3,2.762846775,22.16,7.96969697
Jared Goff,DET,14,REG,GB,32,41,283,3,1,1,3,11.8485977,4,7,0,1,1.642661628,22.02,6.666666667
Josh Allen,BUF,8,REG,SEA,24,34,283,2,1,1,2,12.49539778,7,25,0,3,1.868553246,19.82,8.028571429
Justin Herbert,LAC,9,REG,CLE,18,27,282,2,0,6,36,1.32420072,3,2,0,0,-0.164717144,19.48,7.454545455
Gardner Minshew,LV,11,REG,MIA,30,43,282,2,1,3,14,4.922723968,2,7,0,1,0.975530164,17.98,5.826086957
Drake Maye,NE,11,REG,LA,29,39,282,2,1,3,25,11.09398224,3,27,0,1,1.822531341,17.98,6.119047619
C.J. Stroud,HOU,19,POST,LAC,22,33,282,1,1,3,21,1.14972759,6,42,0,2,3.459218687,17.48,7.25
Lamar Jackson,BAL,7,REG,TB,17,22,281,5,0,2,17,25.11704378,9,52,0,3,-3.799993038,34.44,11
Justin Herbert,LAC,17,REG,NE,26,38,281,3,0,0,0,19.62700717,3,12,0,2,2.630512607,24.44,7.394736842
Aaron Rodgers,NYJ,3,REG,NE,27,35,281,2,0,2,14,18.20478461,3,18,0,2,1.414984326,21.04,7.216216216
Daniel Jones,NYG,4,REG,DAL,29,40,281,0,1,1,4,4.439631956,4,3,0,1,-1.539400667,9.54,6.756097561
Lamar Jackson,BAL,9,REG,DEN,16,19,280,3,0,1,11,19.33901561,3,4,0,1,-0.91457287,23.6,13.45
Jared Goff,DET,7,REG,MIN,22,25,280,2,0,4,33,14.91789674,2,-4,0,0,-1.485172404,18.8,8.517241379
Josh Allen,BUF,10,REG,IND,22,37,280,0,2,2,0,-6.463513292,8,50,1,5,7.767791399,18.2,7.179487179
Matthew Stafford,LA,8,REG,MIN,25,34,279,4,1,0,0,15.89027773,3,-4,0,0,-2.078330663,24.76,8.205882353
Justin Herbert,LAC,8,REG,NO,20,32,279,2,0,3,23,2.149432955,4,49,0,1,2.563759,24.06,7.314285714
Jalen Hurts,PHI,1,REG,GB,20,34,278,2,2,2,12,11.17717209,13,33,0,2,-6.401806405,16.42,7.388888889
Will Levis,TEN,12,REG,HOU,18,24,278,2,1,8,41,-1.974569913,8,10,0,3,-6.861158365,16.12,7.40625
Russell Wilson,PIT,8,REG,NYG,20,28,278,1,0,4,19,3.762137921,3,7,0,0,-0.563443808,13.82,8.09375
Joe Burrow,CIN,18,REG,PIT,37,46,277,1,1,4,31,-1.426244997,1,-1,0,0,-0.992408243,12.98,4.92
Kirk Cousins,ATL,8,REG,TB,23,29,276,4,0,2,11,15.14207897,3,16,0,1,2.089393575,28.64,8.548387097
Drake Maye,NE,7,REG,JAX,26,37,276,2,0,2,19,7.810785661,3,18,0,1,1.246585769,20.84,6.58974359
Aaron Rodgers,NYJ,7,REG,PIT,24,39,276,1,2,1,7,-0.968278761,0,0,0,0,,13.04,6.725
Gardner Minshew,LV,2,REG,BAL,30,38,276,1,1,5,43,-2.416132527,1,-1,0,0,0,12.94,5.418604651
Jayden Daniels,WAS,12,REG,DAL,25,38,275,2,2,4,8,-6.082592668,7,74,1,4,8.30931041,30.4,6.357142857
Sam Darnold,MIN,4,REG,GB,20,28,275,3,1,2,21,8.126838293,7,15,0,2,-1.362910415,20.5,8.466666667
Aaron Rodgers,NYJ,18,REG,MIA,23,36,274,4,1,3,17,2.028019385,0,0,0,0,,24.96,6.58974359
Jordan Love,GB,13,REG,MIA,21,28,274,2,0,0,0,12.66735924,0,0,0,0,,18.96,9.785714286
Lamar Jackson,BAL,1,REG,KC,26,41,273,1,0,1,6,-2.491159605,16,122,0,7,5.008222258,25.12,6.357142857
Bo Nix,DEN,12,REG,LV,25,42,273,2,0,1,11,8.337529324,1,5,0,0,0.196456324,19.42,6.093023256
Jordan Love,GB,9,REG,DET,23,39,273,0,1,0,0,-4.134276244,3,0,0,0,-3.153830238,10.92,7
Anthony Richardson,IND,11,REG,NYJ,20,30,272,1,0,2,31,9.637708181,10,32,2,3,2.735197176,28.08,7.53125
Josh Allen,BUF,19,POST,DEN,20,26,272,2,0,2,11,14.91346683,8,46,0,5,5.19938187,25.48,9.321428571
Joe Flacco,IND,10,REG,BUF,26,35,272,2,3,4,32,-12.45116131,0,0,0,0,,10.88,6.153846154
Joe Burrow,CIN,15,REG,TEN,26,37,271,3,2,1,2,7.059754793,0,0,0,0,,16.84,7.078947368
Russell Wilson,PIT,19,POST,BAL,20,29,270,2,0,4,19,8.114423981,3,6,0,0,-1.287414853,19.4,7.606060606
Russell Wilson,PIT,12,REG,CLE,21,28,270,1,0,4,22,8.758286311,3,10,0,0,-1.274445669,13.8,7.75
Patrick Mahomes,KC,12,REG,CAR,27,37,269,3,0,5,43,9.169239682,5,60,0,3,4.021409264,28.76,5.380952381
Jayden Daniels,WAS,6,REG,BAL,24,35,269,2,0,3,16,9.493135167,6,22,0,1,-0.185189122,20.96,6.657894737
Derek Carr,NO,10,REG,ATL,16,25,269,2,0,0,0,6.222857016,4,17,0,0,-1.790632687,20.46,10.76
Tanner McKee,PHI,18,REG,NYG,27,41,269,2,0,2,17,7.516726462,3,1,0,1,-3.002825558,18.86,5.860465116
Jared Goff,DET,12,REG,IND,26,36,269,0,0,3,16,9.311170492,2,0,0,0,-4.140005251,10.76,6.487179487
Jayden Daniels,WAS,19,POST,TB,24,35,268,2,0,1,0,11.07733146,13,36,0,2,-1.482727426,22.32,7.444444444
Sam Darnold,MIN,2,REG,SF,17,26,268,2,1,3,10,-1.31442692,5,32,0,2,-0.189721233,19.92,8.896551724
Kyler Murray,ARI,10,REG,NYJ,22,24,266,1,0,1,7,17.98055608,3,21,2,3,2.909711244,28.74,10.36
Kyler Murray,ARI,2,REG,LA,17,21,266,3,0,1,8,18.10108859,5,59,0,2,3.887392415,28.54,11.72727273
Mason Rudolph,TEN,8,REG,DET,22,38,266,1,2,1,8,-12.47518506,4,29,1,3,3.859955193,19.54,6.615384615
Patrick Mahomes,KC,10,REG,DEN,28,42,266,1,0,4,23,3.877983023,3,19,0,1,1.466984106,16.54,5.282608696
Russell Wilson,PIT,7,REG,NYJ,16,29,264,2,0,1,4,8.761338669,3,3,1,2,1.437745193,24.86,8.666666667
Jalen Hurts,PHI,6,REG,CLE,16,25,264,2,0,1,8,7.143717456,14,33,0,5,2.590442656,21.86,9.846153846
Joe Flacco,IND,18,REG,JAX,23,40,264,1,0,3,12,-3.695000032,0,0,0,0,,14.56,5.860465116
Daniel Jones,NYG,8,REG,PIT,24,38,264,0,1,4,27,-0.256443848,3,1,0,1,-0.151313992,6.66,5.642857143
Josh Allen,BUF,3,REG,JAX,23,30,263,4,0,0,0,22.41553523,6,44,0,5,6.292565288,30.92,8.766666667
Bo Nix,DEN,16,REG,LAC,29,40,263,2,0,2,18,7.127936665,3,25,0,2,2.223911459,21.02,5.833333333
Bryce Young,CAR,12,REG,KC,21,35,263,1,0,2,14,6.348971301,3,20,0,1,0.988477869,16.52,6.72972973
Josh Allen,BUF,11,REG,KC,27,40,262,1,1,0,0,5.961758687,12,55,1,4,5.137519159,23.98,6.55
Patrick Mahomes,KC,8,REG,LV,27,38,262,2,1,1,10,10.57641999,6,17,0,2,1.081774099,18.18,6.461538462
Jordan Love,GB,11,REG,CHI,13,17,261,1,1,1,1,13.07574553,4,18,1,2,-0.557523646,20.24,14.44444444
Drake Maye,NE,16,REG,BUF,22,36,261,2,1,2,8,4.18428439,6,30,0,3,-2.431670561,17.44,6.657894737
Brock Purdy,SF,8,REG,DAL,18,26,260,1,0,2,14,7.321977107,8,56,1,5,0.673846522,26,8.785714286
Patrick Mahomes,KC,16,REG,HOU,28,41,260,1,0,1,9,9.490251845,5,33,1,1,0.148361295,23.7,5.976190476
Jordan Love,GB,1,REG,PHI,17,34,260,2,1,1,5,2.811224768,0,0,0,0,,16.4,7.285714286
Kyler Murray,ARI,13,REG,MIN,31,45,260,1,2,1,8,0.912289396,7,48,0,2,2.376258769,15.2,5.47826087
C.J. Stroud,HOU,2,REG,CHI,23,36,260,1,0,3,25,1.60885612,1,-1,0,0,-1.546437192,14.3,6.025641026
Will Levis,TEN,3,REG,GB,26,34,260,2,2,8,56,-16.97985835,3,12,0,2,-0.540852628,13.6,4.857142857
Matthew Stafford,LA,5,REG,GB,29,45,260,1,1,3,24,-8.967315921,0,0,0,0,,12.4,4.916666667
Kyler Murray,ARI,14,REG,SEA,25,38,259,2,2,2,24,-4.431184706,3,16,0,1,0.213330936,17.96,5.875
Sam Darnold,MIN,7,REG,DET,22,27,259,1,1,4,15,0.180000828,4,39,0,1,3.278966508,16.26,7.870967742
Jayden Daniels,WAS,16,REG,PHI,24,39,258,5,2,1,3,4.388525459,9,81,0,4,10.30038025,34.42,6.375
Jordan Love,GB,6,REG,ARI,22,32,258,4,1,0,0,14.85465711,5,13,0,2,-0.143265956,25.62,8.0625
Joe Burrow,CIN,2,REG,KC,23,36,258,2,0,3,12,3.920934921,6,9,0,3,-0.227163061,17.22,6.307692308
Patrick Mahomes,KC,22,POST,PHI,21,32,257,3,2,6,31,-15.40048574,4,25,0,0,-0.833948605,22.78,5.947368421
Daniel Jones,NYG,5,REG,SEA,23,34,257,2,0,3,12,7.590214312,11,38,0,3,1.861208402,22.08,6.621621622
Aidan O'Connell,LV,16,REG,JAX,24,38,257,0,0,2,12,0.705905335,7,12,0,4,-1.040089488,11.48,6.125
C.J. Stroud,HOU,11,REG,DAL,23,34,257,0,1,1,7,6.418011948,3,26,0,1,0.679494974,10.88,7.142857143
Gardner Minshew,LV,1,REG,LAC,25,33,257,1,1,4,32,-1.242704641,3,5,0,0,-3.279331431,10.78,6.081081081
Caleb Williams,CHI,13,REG,DET,20,39,256,3,0,5,33,-0.362503727,4,39,0,1,1.834260689,26.14,5.068181818
Aaron Rodgers,NYJ,16,REG,LA,28,42,256,1,0,1,10,2.75804334,1,6,0,0,-0.261203989,12.84,5.720930233
Jayden Daniels,WAS,21,POST,PHI,29,48,255,1,1,3,27,-0.097166011,6,48,1,3,5.610513818,25,4.470588235
Brock Purdy,SF,6,REG,SEA,18,28,255,3,0,0,0,11.72602603,4,19,0,2,2.269923905,24.1,9.107142857
Jayden Daniels,WAS,3,REG,CIN,21,23,254,2,0,2,6,21.61194529,12,39,1,5,3.295519976,28.06,9.92
Lamar Jackson,BAL,20,POST,BUF,18,25,254,2,1,2,14,6.458188022,6,39,0,3,2.988922976,18.06,8.888888889
Geno Smith,SEA,12,REG,ARI,22,31,254,1,1,5,34,2.130660644,3,2,0,0,-0.37889932,12.36,6.111111111
Joe Burrow,CIN,16,REG,CLE,23,30,252,3,0,4,42,3.053676655,2,19,0,1,1.324855877,21.98,6.176470588
Mason Rudolph,TEN,16,REG,IND,23,34,252,2,3,1,10,2.565777581,4,3,0,1,-1.648653677,14.38,6.914285714
Bryce Young,CAR,18,REG,ATL,25,34,251,3,0,0,0,20.03909871,5,24,2,3,2.95181103,36.44,7.382352941
Joe Burrow,CIN,9,REG,LV,27,39,251,5,1,1,8,7.016673185,3,11,0,2,0.934966298,29.14,6.075
Derek Carr,NO,11,REG,CLE,21,27,248,2,0,1,7,12.27016735,1,8,0,1,0.824149798,18.72,8.607142857
Cooper Rush,DAL,12,REG,WAS,24,32,247,2,0,1,6,8.539612328,4,1,0,0,-3.919439457,17.98,7.303030303
Lamar Jackson,BAL,2,REG,LV,21,34,247,1,1,2,15,0.953601602,5,45,0,0,-0.541836232,16.38,6.444444444
C.J. Stroud,HOU,12,REG,TEN,20,33,247,2,2,4,27,-6.365417904,3,18,0,0,1.281410047,15.68,5.945945946
Mac Jones,JAX,16,REG,LV,25,39,247,1,0,1,11,-5.377738477,0,0,0,0,,13.88,5.9
Jalen Hurts,PHI,21,POST,WAS,20,28,246,1,0,2,16,16.01067898,10,16,3,5,0.899416961,33.44,7.666666667
Sam Darnold,MIN,11,REG,TEN,20,32,246,2,0,2,10,7.446956694,8,18,1,4,-3.320820154,23.64,6.941176471
Sam Darnold,MIN,16,REG,SEA,22,35,246,3,0,3,29,8.355436214,5,11,0,1,-0.622108762,22.94,5.710526316
Bo Nix,DEN,2,REG,PIT,20,35,246,0,2,2,15,-8.624825167,4,25,0,2,0.795623272,8.34,6.243243243
Patrick Mahomes,KC,21,POST,BUF,18,26,245,1,0,2,12,16.16621701,11,43,2,6,-1.148027563,30.1,8.321428571
Justin Fields,PIT,3,REG,LAC,25,32,245,1,1,2,13,8.205475068,6,6,1,1,-5.790745392,18.4,6.823529412
C.J. Stroud,HOU,20,POST,KC,19,28,245,0,0,8,58,0.970950501,6,42,0,3,3.407849685,14,5.194444444
Patrick Mahomes,KC,4,REG,LAC,19,29,245,1,1,3,17,-1.606492255,5,12,0,1,0.267548374,13,7.125
Sam Darnold,MIN,19,POST,LA,25,40,245,1,1,9,82,-28.95173703,4,19,0,3,5.571961073,11.7,3.326530612
Kirk Cousins,ATL,13,REG,LAC,24,39,245,0,4,1,11,-11.63355349,1,3,0,1,0.440742036,2.1,5.85
C.J. Stroud,HOU,16,REG,KC,23,39,244,2,2,2,17,6.035946417,2,23,0,2,0.272280213,16.06,5.536585366
Brock Purdy,SF,5,REG,ARI,19,35,244,1,2,2,13,-0.896839114,4,33,0,3,2.644079356,13.06,6.243243243
Trey Lance,DAL,18,REG,WAS,20,34,244,0,0,2,16,-2.558652467,6,26,0,1,-1.429371488,12.36,6.333333333
Aaron Rodgers,NYJ,5,REG,MIN,29,54,244,2,3,3,26,-16.15632874,0,0,0,0,,11.76,3.824561404
Derek Carr,NO,2,REG,DAL,11,16,243,2,1,1,1,14.02582974,1,1,1,1,0.705907924,21.82,14.23529412
Drake Maye,NE,6,REG,HOU,20,33,243,3,2,4,34,-9.781366722,5,38,0,3,3.972281476,19.52,5.648648649
Matthew Stafford,LA,12,REG,PHI,24,36,243,2,0,5,45,5.093638122,1,15,0,1,0.845770015,19.22,4.829268293
Dak Prescott,DAL,8,REG,SF,25,38,243,2,2,2,7,0.926180577,1,-1,0,0,0,13.62,5.9
Spencer Rattler,NO,6,REG,TB,22,40,243,1,2,5,21,-13.84639313,4,27,0,1,0.899703855,12.42,4.933333333
Kyler Murray,ARI,18,REG,SF,25,35,242,4,0,0,0,8.010847701,3,22,0,2,2.674368147,27.88,6.914285714
Aidan O'Connell,LV,17,REG,NO,20,35,242,2,0,1,10,9.65595756,3,-1,0,1,-1.317085742,17.58,6.444444444
C.J. Stroud,HOU,13,REG,JAX,22,34,242,1,0,2,24,2.830194207,5,7,0,0,-1.760387414,14.38,6.055555556
Justin Herbert,LAC,19,POST,HOU,14,32,242,1,4,4,31,-23.05662093,0,0,0,0,,5.68,5.861111111
Joe Milton,NE,18,REG,BUF,22,29,241,1,0,0,0,11.79071613,10,16,1,4,-3.962806243,19.24,8.310344828
Kirk Cousins,ATL,2,REG,PHI,20,29,241,2,0,1,8,10.03010134,4,-1,0,0,-1.619265961,17.54,7.766666667
Sam Darnold,MIN,10,REG,JAX,24,38,241,0,3,1,8,-2.4223577,7,28,0,3,3.972141576,6.44,5.974358974
Sam Darnold,MIN,8,REG,LA,18,25,240,2,0,3,28,8.468241485,3,6,0,1,0.58392257,18.2,7.571428571
Mason Rudolph,TEN,9,REG,NE,20,33,240,2,1,1,7,5.174849519,4,19,0,2,1.342715752,17.5,6.852941176
Spencer Rattler,NO,18,REG,TB,26,42,240,1,0,2,12,-1.072489334,1,11,0,0,2.112351238,14.7,5.181818182
Jared Goff,DET,10,REG,HOU,15,30,240,2,5,0,0,-1.868821308,1,2,0,1,0.493980606,7.8,8
Derek Carr,NO,4,REG,ATL,28,36,239,0,1,1,4,-0.108686275,3,5,0,0,-1.30715473,8.06,6.351351351
Jayden Daniels,WAS,5,REG,CLE,14,25,238,1,1,3,17,2.37871156,11,82,0,4,4.613883615,19.72,7.892857143
Drake Maye,NE,13,REG,IND,24,30,238,1,1,4,16,6.740953025,5,59,0,2,3.747780443,19.42,6.529411765
Kirk Cousins,ATL,4,REG,NO,21,35,238,0,1,1,11,-1.069196659,0,0,0,0,,7.52,6.305555556
Lamar Jackson,BAL,13,REG,PHI,23,36,237,2,0,3,31,-0.972688627,8,79,0,5,3.010236045,25.38,5.282051282
Josh Allen,BUF,21,POST,KC,22,34,237,2,0,2,10,8.228316275,11,39,0,5,-1.687684859,21.38,6.305555556
Justin Herbert,LAC,6,REG,DEN,21,34,237,1,0,3,15,8.1157463,4,2,0,0,-2.157419389,13.68,6
Jalen Hurts,PHI,8,REG,CIN,16,20,236,1,0,0,0,14.40456037,10,37,3,7,7.02105153,35.14,11.8
Daniel Jones,NYG,3,REG,CLE,24,34,236,2,0,2,8,9.847737786,8,20,0,1,-7.560139259,19.44,6.333333333
Derek Carr,NO,9,REG,CAR,18,31,236,1,0,1,6,4.349960131,0,0,0,0,,13.44,7.1875
Josh Allen,BUF,9,REG,MIA,25,39,235,3,1,1,4,7.873417084,2,7,0,1,-0.362421838,22.1,5.775
Mac Jones,JAX,13,REG,HOU,20,32,235,2,0,0,0,14.15884844,3,6,0,0,-2.534040911,20,7.34375
Sam Darnold,MIN,13,REG,ARI,21,31,235,2,0,5,30,1.083707623,4,22,0,1,1.43342921,19.6,5.694444444
Baker Mayfield,TB,13,REG,CAR,21,33,235,1,2,4,31,-8.418919523,3,8,0,1,-3.432633056,10.2,5.513513514
Jameis Winston,CLE,9,REG,LAC,26,46,235,1,3,6,22,-20.96432229,5,27,0,4,5.630308836,10.1,4.096153846
C.J. Stroud,HOU,1,REG,IND,24,32,234,2,0,4,30,7.507696996,4,13,0,0,-2.479368125,18.66,5.666666667
Trevor Lawrence,JAX,6,REG,CHI,23,35,234,2,1,3,20,9.431627317,4,17,0,1,-0.499247761,17.06,5.631578947
Tua Tagovailoa,MIA,8,REG,ARI,28,38,234,1,0,1,7,8.731976428,3,13,0,1,-0.99110315,14.66,5.820512821
Joe Burrow,CIN,8,REG,PHI,26,37,234,1,1,1,12,6.64494654,3,15,0,1,2.369917346,12.86,5.842105263
Jayden Daniels,WAS,4,REG,ARI,26,30,233,1,1,0,0,13.10825828,8,47,1,3,2.592484927,24.02,7.766666667
Aaron Rodgers,NYJ,8,REG,NE,17,28,233,2,0,1,9,5.162739192,0,0,0,0,,17.32,7.724137931
Geno Smith,SEA,14,REG,ARI,24,30,233,1,0,0,0,7.161092563,1,0,0,0,-1.435475248,13.32,7.766666667
Josh Allen,BUF,1,REG,ARI,18,23,232,2,0,2,10,9.161098091,9,39,2,4,8.557686045,31.18,8.88
Joe Burrow,CIN,4,REG,CAR,22,31,232,2,1,0,0,8.98819513,1,10,0,1,0.749401796,16.28,7.483870968
C.J. Stroud,HOU,10,REG,DET,19,33,232,1,2,4,40,-5.874458843,1,5,0,0,-0.193151847,9.78,5.189189189
Kirk Cousins,ATL,7,REG,SEA,24,35,232,1,2,3,32,-9.430239478,1,-1,0,0,0,7.18,5.263157895
Tua Tagovailoa,MIA,9,REG,BUF,25,28,231,2,0,1,7,17.54432813,2,3,0,1,2.418647718,17.54,7.724137931
Caleb Williams,CHI,11,REG,GB,23,31,231,0,0,3,19,4.140344482,9,70,0,5,9.59517161,16.24,6.235294118
Sam Darnold,MIN,15,REG,CHI,24,40,231,1,1,2,16,2.886450013,0,0,0,0,,11.24,5.119047619
Brock Purdy,SF,1,REG,NYJ,19,29,231,0,0,2,6,6.501399417,1,11,0,1,0.661623072,10.34,7.258064516
Jared Goff,DET,18,REG,MIN,27,33,231,1,2,2,15,1.588157065,0,0,0,0,,9.24,6.171428571
Jalen Hurts,PHI,9,REG,JAX,18,24,230,2,0,3,20,5.130691901,13,67,1,4,6.740494338,29.9,7.777777778
Gardner Minshew,LV,12,REG,DEN,25,42,230,1,1,3,12,-12.67881557,2,5,0,0,-1.164676883,11.7,4.844444444
Kirk Cousins,ATL,3,REG,KC,20,29,230,1,1,2,1,2.796729369,1,-1,0,0,0,11.1,7.387096774
Jordan Love,GB,15,REG,SEA,20,27,229,2,0,0,0,10.78230667,1,4,0,0,0.412822312,17.56,8.481481481
Jayden Daniels,WAS,17,REG,ATL,24,36,227,3,1,5,31,4.971853518,16,127,0,7,9.97227909,31.78,4.780487805
Drew Lock,NYG,14,REG,NO,21,49,227,0,1,2,14,-12.1444914,5,59,0,3,5.774238029,14.98,4.176470588
Aidan O'Connell,LV,6,REG,PIT,27,40,227,1,1,1,9,-2.869641161,0,0,0,0,,11.08,5.317073171
Tyler Huntley,MIA,18,REG,NYJ,25,41,227,1,2,4,28,-6.921629176,3,16,0,1,1.737523126,8.68,4.422222222
Caleb Williams,CHI,6,REG,JAX,23,29,226,4,1,3,5,14.27304402,4,56,0,3,4.214583839,28.64,6.90625
Jayden Daniels,WAS,15,REG,NO,25,31,226,2,0,8,37,1.106548593,11,66,0,6,9.047135999,23.64,4.846153846
Jayden Daniels,WAS,2,REG,NYG,23,29,226,0,0,5,16,4.707815976,10,44,0,2,1.690624584,13.44,6.176470588
Tyler Huntley,MIA,17,REG,CLE,22,26,225,1,0,4,19,5.3478835,7,52,1,3,3.713192396,24.2,6.866666667
Mac Jones,JAX,18,REG,IND,20,32,225,1,1,2,19,2.728372124,5,17,0,2,1.385019977,12.7,6.058823529
Kirk Cousins,ATL,6,REG,CAR,19,30,225,1,0,0,0,12.31161466,4,-5,0,0,-4.604042192,12.5,7.5
Aaron Rodgers,NYJ,4,REG,DEN,24,42,225,0,0,5,41,-12.08754206,5,26,0,1,-0.570365786,11.6,3.914893617
Jordan Love,GB,5,REG,LA,15,26,224,2,1,2,27,-0.749097651,3,10,0,1,2.418121585,15.96,7.035714286
Bryce Young,CAR,8,REG,DEN,24,37,224,2,2,2,9,-2.801370313,3,6,0,0,-1.21563374,13.56,5.512820513
Kyler Murray,ARI,15,REG,NE,23,30,224,0,0,0,0,11.53068654,5,11,0,0,-3.706165814,10.06,7.466666667
Matthew Stafford,LA,4,REG,CHI,20,29,224,0,1,3,21,-1.340625697,1,-1,0,0,0,4.86,6.34375
Bo Nix,DEN,9,REG,BAL,19,33,223,0,1,4,28,-11.44222787,6,36,0,3,3.037546066,16.72,5.27027027
Geno Smith,SEA,18,REG,LA,20,27,223,4,0,2,13,10.78586124,2,14,0,1,1.182659181,26.32,7.24137931
Michael Penix,ATL,17,REG,WAS,19,35,223,1,1,2,12,-0.642952398,2,3,0,0,-0.584433963,11.22,5.702702703
Kirk Cousins,ATL,9,REG,DAL,19,24,222,3,0,2,12,8.40133203,4,-11,0,0,-3.282474418,17.78,8.076923077
Drake Maye,NE,12,REG,MIA,22,37,222,1,1,4,39,-12.40217225,5,26,0,0,1.383622526,13.48,4.463414634
Jalen Hurts,PHI,22,POST,KC,17,22,221,2,1,2,11,14.0771192,11,72,1,5,3.075679938,28.04,8.75
Baker Mayfield,TB,18,REG,NO,21,32,221,2,1,1,5,9.411980556,9,68,0,3,2.857923999,21.64,6.545454545
Jalen Hurts,PHI,11,REG,WAS,18,28,221,0,0,2,15,0.873731273,10,39,1,4,3.295247165,18.74,6.866666667
Jared Goff,DET,13,REG,CHI,21,34,221,2,0,1,9,7.128169896,1,1,0,1,0.628749502,16.94,6.057142857
Dak Prescott,DAL,4,REG,NYG,22,27,221,2,0,1,8,10.95228149,2,-1,0,0,-0.760855874,16.74,7.607142857
Geno Smith,SEA,11,REG,SF,25,32,221,0,1,4,26,-0.754931041,4,29,1,2,1.041626853,15.74,5.416666667
Andy Dalton,CAR,6,REG,ATL,26,38,221,2,2,0,0,-4.906794649,3,21,0,1,-0.060084392,14.94,5.815789474
Matthew Stafford,LA,3,REG,SF,16,25,221,1,0,3,23,3.408120837,0,0,0,0,,12.84,7.071428571
Jordan Love,GB,7,REG,HOU,24,33,220,3,2,3,25,-0.621617916,0,0,0,0,,16.8,5.416666667
Andy Dalton,CAR,4,REG,CIN,25,40,220,2,1,0,0,3.099068374,3,9,0,1,-0.21875434,15.7,5.5
Trevor Lawrence,JAX,2,REG,CLE,14,30,220,0,0,4,24,-6.101343733,2,45,0,2,3.966782469,13.3,5.764705882
Mac Jones,JAX,14,REG,TEN,23,31,220,0,2,1,0,5.344276757,3,3,0,0,-3.626699131,5.1,6.875
Bo Nix,DEN,17,REG,CIN,24,31,219,3,1,2,13,9.496485497,7,31,0,3,0.571941996,21.86,6.242424242
Jameis Winston,CLE,12,REG,PIT,18,27,219,0,1,1,0,-0.863085612,3,7,1,3,3.826402575,13.46,7.821428571
Derek Carr,NO,14,REG,NYG,20,31,219,1,1,1,9,4.264099496,2,12,0,0,0.139185266,11.96,6.5625
Bryce Young,CAR,15,REG,DAL,19,28,219,1,2,6,44,-10.28511112,3,12,1,1,-3.433833612,11.96,5.147058824
Justin Herbert,LAC,12,REG,BAL,21,36,218,0,0,4,16,-1.839248568,4,29,1,2,2.000014072,17.62,5.05
Spencer Rattler,NO,17,REG,LV,20,36,218,1,2,3,27,-15.64332048,3,46,0,3,5.316296155,13.32,4.897435897
Lamar Jackson,BAL,18,REG,CLE,16,32,217,2,0,0,0,5.178348515,9,63,0,3,2.191768617,22.98,6.78125
Patrick Mahomes,KC,3,REG,ATL,26,39,217,2,1,0,0,2.412877859,6,17,0,1,2.585288416,16.38,5.564102564
Russell Wilson,PIT,16,REG,BAL,22,33,217,2,1,3,19,-6.296249195,3,27,0,0,-3.759634146,15.38,5.5
Jared Goff,DET,1,REG,LA,18,28,217,1,1,2,17,-4.808456408,1,7,0,1,1.609511546,11.38,6.666666667
Caleb Williams,CHI,9,REG,ARI,22,41,217,0,0,6,45,-10.91194955,4,5,0,0,-2.125536096,9.18,3.659574468
Bo Nix,DEN,6,REG,LAC,19,33,216,2,1,2,10,-2.514276986,6,61,0,5,6.248379174,20.74,5.885714286
Bo Nix,DEN,3,REG,TB,25,36,216,0,0,0,0,2.115855224,9,47,1,6,5.741560712,19.34,6
Matthew Stafford,LA,2,REG,ARI,19,27,216,0,0,5,24,-11.15959263,0,0,0,0,,6.64,6
Josh Allen,BUF,6,REG,NYJ,19,25,215,2,0,2,5,10.84787616,9,18,1,3,0.151588064,24.4,7.777777778
Bo Nix,DEN,10,REG,KC,22,30,215,2,0,2,33,7.696348666,3,-5,0,0,-2.316533089,16.1,5.6875
Tua Tagovailoa,MIA,16,REG,SF,22,34,215,1,0,0,0,5.652358011,2,-1,0,0,-0.948013437,12.5,6.323529412
Mason Rudolph,TEN,7,REG,BUF,25,40,215,1,1,3,15,-3.63625609,5,13,0,1,-2.728820944,9.9,4.651162791
C.J. Stroud,HOU,3,REG,MIN,20,31,215,1,2,4,42,-8.837021847,3,12,0,0,-2.492790587,9.8,4.942857143
Cooper Rush,DAL,15,REG,CAR,18,29,214,3,0,1,15,11.53410494,4,5,0,0,-6.573710516,19.06,6.633333333
Aidan O'Connell,LV,18,REG,LAC,24,34,214,2,1,0,0,-3.871722821,4,13,0,2,0.610141823,15.86,6.294117647
Gardner Minshew,LV,3,REG,CAR,18,28,214,1,1,2,8,-5.349362855,3,14,0,1,-1.950646198,13.96,6.866666667
Kyler Murray,ARI,6,REG,GB,22,32,214,1,0,0,0,7.708929888,7,14,0,0,-6.640786489,11.96,6.6875
Justin Herbert,LAC,14,REG,KC,21,30,213,1,0,3,19,8.155707047,4,12,0,2,-0.589528538,13.72,5.878787879
Anthony Richardson,IND,1,REG,HOU,9,19,212,2,1,2,13,-3.033125796,6,56,1,5,8.763087999,26.08,9.476190476
Brock Purdy,SF,7,REG,KC,17,31,212,0,3,1,3,-9.748416635,8,27,2,4,3.278335396,17.18,6.53125
Will Levis,TEN,13,REG,WAS,18,37,212,2,0,2,2,2.870217071,2,-3,0,0,-2.370317525,16.18,5.384615385
Jameis Winston,CLE,14,REG,PIT,24,41,212,2,2,3,16,-10.03739314,4,28,0,4,3.010462312,15.28,4.454545455
Geno Smith,SEA,8,REG,BUF,21,29,212,0,1,1,11,1.153114505,5,16,0,1,-7.295049436,8.08,6.7
Jordan Love,GB,19,POST,PHI,20,33,212,0,3,2,17,-5.509075429,2,10,0,0,0.567049415,3.48,5.571428571
Aaron Rodgers,NYJ,9,REG,HOU,22,32,211,3,0,2,18,8.605539155,1,-1,0,0,-1.898770399,20.34,5.676470588
Patrick Mahomes,KC,14,REG,LAC,24,37,210,1,0,3,8,0.630311138,4,17,0,2,1.1012447,14.1,5.05
Drew Lock,NYG,16,REG,ATL,22,39,210,1,2,3,21,-21.45495369,1,1,0,0,-0.805840191,6.5,4.5
Jayden Daniels,WAS,9,REG,NYG,15,22,209,2,0,0,0,9.809720332,8,35,0,3,-2.090221365,19.86,9.5
Matthew Stafford,LA,19,POST,MIN,19,27,209,2,0,2,7,5.320361357,2,-1,0,0,-3.312555315,16.26,6.965517241
Mason Rudolph,TEN,15,REG,CIN,21,26,209,2,1,0,0,9.539583558,2,14,0,2,1.140847013,15.76,8.038461538
Gardner Minshew,LV,8,REG,KC,24,30,209,2,0,5,14,6.046882614,2,6,0,0,0.283889492,14.96,5.571428571
Joe Burrow,CIN,6,REG,NYG,19,28,208,0,0,4,25,-0.51269244,4,55,1,2,8.485536162,19.82,5.71875
Sam Darnold,MIN,1,REG,NYG,19,24,208,2,1,1,7,9.554716408,3,3,0,1,-0.18829509,14.62,8.04
Desmond Ridder,LV,15,REG,ATL,23,39,208,1,2,3,14,-7.51598012,5,28,0,2,3.407129198,11.12,4.619047619
Lamar Jackson,BAL,16,REG,PIT,15,23,207,3,1,1,9,7.082269472,9,22,0,1,0.791677229,20.48,8.25
Geno Smith,SEA,7,REG,ATL,18,28,207,2,0,1,6,7.130207948,4,15,0,0,-3.932772224,17.78,6.931034483
Lamar Jackson,BAL,11,REG,PIT,16,33,207,1,1,2,2,-1.491620984,4,46,0,2,3.211720495,14.88,5.857142857
Kyler Murray,ARI,3,REG,DET,21,34,207,1,1,1,7,-5.631904724,5,45,0,2,-2.499907697,14.78,5.714285714
Tua Tagovailoa,MIA,10,REG,LA,20,28,207,1,1,3,36,-1.531251459,1,-1,0,0,-2.371539725,8.18,5.516129032
Jayden Daniels,WAS,13,REG,TEN,25,30,206,3,1,2,10,10.12790516,9,34,1,2,-1.851207477,27.64,6.125
Bo Nix,DEN,5,REG,LV,19,27,206,2,0,3,26,2.48556131,8,9,1,2,-6.515120515,23.14,6
Drake Maye,NE,9,REG,TEN,29,41,206,1,2,4,21,-11.39064809,8,95,0,5,9.011968579,15.74,4.111111111
Jordan Love,GB,14,REG,DET,12,20,206,1,0,1,7,6.701136508,4,23,0,1,1.757125302,14.54,9.476190476
Geno Smith,SEA,13,REG,NYJ,20,31,206,1,0,3,31,-1.558715336,2,2,0,0,0.490223352,12.44,5.147058824
Marcus Mariota,WAS,7,REG,CAR,18,23,205,2,0,1,4,11.83208976,11,34,0,3,0.651375396,19.6,8.375
Russell Wilson,PIT,17,REG,KC,23,37,205,0,1,5,43,-15.37522879,6,55,1,6,7.805863929,17.7,3.857142857
Daniel Jones,NYG,6,REG,CIN,22,41,205,0,1,2,15,-15.26495139,11,56,0,6,5.178984122,11.8,4.418604651
Russell Wilson,PIT,11,REG,BAL,23,36,205,0,1,4,24,-11.59121234,4,1,0,0,-2.580406627,6.3,4.525
Anthony Richardson,IND,2,REG,GB,17,34,204,1,3,1,6,-8.040493548,4,37,0,2,2.40452987,9.86,5.657142857
Bryce Young,CAR,17,REG,TB,15,28,203,2,0,5,38,-2.502133105,2,8,0,1,1.089778126,16.92,5
Jalen Hurts,PHI,10,REG,DAL,14,20,202,2,1,5,46,-4.800011301,7,56,2,4,5.955521673,29.68,6.24
Malik Willis,GB,3,REG,TEN,13,19,202,1,0,3,12,3.520782018,6,73,1,4,8.281250101,25.38,8.636363636
Kyler Murray,ARI,16,REG,CAR,20,32,202,1,1,3,26,1.339832787,8,63,1,4,2.916601005,20.38,5.028571429
Drake Maye,NE,15,REG,ARI,19,23,202,1,1,2,7,3.436894504,4,14,1,1,-0.137675819,17.48,7.8
Jayden Daniels,WAS,10,REG,PIT,17,34,202,0,0,3,20,-9.261980555,3,5,0,0,-1.106103114,8.58,4.918918919
Michael Penix,ATL,16,REG,NYG,18,27,202,0,1,0,0,6.547739794,4,3,0,0,-1.450001217,6.38,7.481481481
Derek Carr,NO,1,REG,CAR,19,23,200,3,0,1,1,8.547130643,2,13,0,1,-0.325297889,21.3,8.291666667
Baker Mayfield,TB,9,REG,KC,23,31,200,2,0,2,11,7.638863838,4,20,0,1,-1.349972865,18,5.727272727
Jared Goff,DET,3,REG,ARI,18,23,199,2,1,2,13,5.869152297,3,6,0,1,-0.971762094,14.56,7.44
Brandon Allen,SF,12,REG,GB,17,29,199,1,1,2,2,-10.66756505,2,5,0,0,-0.990277614,8.46,6.35483871
Deshaun Watson,CLE,3,REG,NYG,21,37,196,2,0,8,48,-20.57202969,4,26,0,2,-2.210607419,16.44,3.288888889
Patrick Mahomes,KC,11,REG,BUF,23,33,196,3,2,2,15,5.599778356,0,0,0,0,,15.84,5.171428571
Jordan Love,GB,8,REG,JAX,14,22,196,0,1,0,0,2.872485207,1,-1,0,0,0,5.74,8.909090909
Tua Tagovailoa,MIA,15,REG,HOU,29,40,196,1,3,3,24,-8.854686274,0,0,0,0,,3.84,4
Kyler Murray,ARI,5,REG,SF,19,30,195,1,1,1,6,-1.827348522,7,83,1,3,5.57759004,24.1,6.096774194
Russell Wilson,PIT,10,REG,WAS,14,28,195,3,1,3,23,7.329395679,4,3,0,1,-0.264911185,18.1,5.548387097
Justin Herbert,LAC,15,REG,TB,21,33,195,2,1,3,25,-11.25928248,0,0,0,0,,13.8,4.722222222
Cooper Rush,DAL,13,REG,NYG,21,36,195,1,0,0,0,-2.719403013,5,0,0,0,-1.554781839,11.8,5.416666667
Tyler Huntley,MIA,5,REG,NE,18,31,194,0,1,3,15,-2.548429405,3,7,0,1,-3.129648761,6.46,5.264705882
Trevor Lawrence,JAX,7,REG,NE,15,20,193,1,0,0,0,10.13594467,2,13,0,2,2.49700424,15.02,9.65
Mason Rudolph,TEN,17,REG,JAX,19,31,193,1,1,3,15,0.234170336,5,23,0,3,0.821556288,12.02,5.235294118
C.J. Stroud,HOU,6,REG,NE,20,31,192,3,1,2,16,2.623923755,3,7,0,1,0.350119288,18.38,5.333333333
Will Levis,TEN,2,REG,NYJ,19,28,192,1,1,4,22,-6.445357947,4,38,0,3,2.292716203,11.48,5.3125
C.J. Stroud,HOU,9,REG,NYJ,11,30,191,0,0,8,56,-13.43764723,8,59,0,3,6.810452924,11.54,3.552631579
Jayden Daniels,WAS,11,REG,PHI,22,32,191,1,1,3,20,0.343345592,7,18,0,1,-4.84685746,13.44,4.885714286
Bryce Young,CAR,14,REG,PHI,19,34,191,1,1,1,7,2.783336389,7,29,0,2,1.898767379,12.54,5.257142857
Caleb Williams,CHI,15,REG,MIN,18,31,191,1,0,2,25,-3.40117373,4,3,0,0,-3.163966617,9.94,5.03030303
Daniel Jones,NYG,10,REG,CAR,22,37,190,0,2,2,15,-10.28025679,7,26,1,4,3.013795232,12.2,4.487179487
Joe Flacco,IND,6,REG,TEN,22,38,189,2,1,0,0,1.57339304,1,1,0,0,-0.752409069,13.66,4.973684211
Tommy DeVito,NYG,12,REG,TB,21,31,189,0,0,4,23,-6.280943511,7,32,0,1,0.718229687,10.76,4.742857143
Matthew Stafford,LA,17,REG,ARI,17,32,189,0,0,0,0,-0.482257115,6,16,0,3,2.474694133,9.16,5.90625
Deshaun Watson,CLE,2,REG,JAX,22,34,186,0,0,2,14,1.245954114,5,20,1,1,-0.694673716,15.44,4.777777778
Daniel Jones,NYG,1,REG,MIN,22,42,186,0,2,5,20,-22.59383772,6,15,0,2,0.237891276,4.94,3.531914894
Baker Mayfield,TB,2,REG,DET,12,19,185,1,1,5,39,-3.43617994,5,34,1,3,4.129507715,18.8,6.083333333
Baker Mayfield,TB,19,POST,WAS,15,18,185,2,0,1,2,13.49911541,7,23,0,1,-7.474898199,15.7,9.631578947
Aaron Rodgers,NYJ,13,REG,SEA,21,39,185,2,1,2,16,-14.03903068,2,6,0,1,1.097523379,14,4.12195122
Jordan Love,GB,17,REG,MIN,19,30,185,1,0,3,18,-0.298525317,1,6,0,0,0.291700826,14,5.060606061
C.J. Stroud,HOU,17,REG,BAL,17,31,185,0,1,5,37,-18.87997326,1,7,0,0,0.173190941,6.1,4.111111111
Jayden Daniels,WAS,1,REG,TB,17,24,184,0,0,2,23,-0.791879482,16,88,2,8,8.706162539,28.16,6.192307692
Aaron Rodgers,NYJ,11,REG,IND,22,29,184,2,0,3,22,-0.44817846,1,7,0,0,-0.353923293,16.06,5.0625
Derek Carr,NO,13,REG,LA,24,37,184,1,0,0,0,-2.657128742,2,12,0,1,0.790107337,14.56,4.972972973
Drake Maye,NE,10,REG,CHI,15,25,184,1,1,1,0,-1.33424407,4,24,0,1,-0.35784409,11.76,7.076923077
Jalen Hurts,PHI,2,REG,ATL,23,30,183,1,1,1,4,1.803824284,13,85,1,7,8.92416973,23.82,5.774193548
Matthew Stafford,LA,13,REG,NO,14,24,183,2,0,2,17,0.298989115,4,3,0,2,2.781612778,15.62,6.384615385
Cooper Rush,DAL,14,REG,CIN,16,31,183,2,1,3,17,-5.963565976,2,5,0,1,0.607493649,13.82,4.882352941
Lamar Jackson,BAL,3,REG,DAL,12,15,182,1,0,0,0,10.67085865,14,87,1,6,6.829475332,25.98,12.13333333
Josh Allen,BUF,17,REG,NYJ,16,27,182,2,0,0,0,9.769992327,5,17,1,3,2.107098263,22.98,6.740740741
Jordan Love,GB,16,REG,NO,16,28,182,1,0,0,0,3.255589011,1,2,0,1,1.913083139,11.48,6.5
Sam Darnold,MIN,3,REG,HOU,17,28,181,4,0,4,25,5.252611934,0,0,0,0,,23.24,4.875
Joe Burrow,CIN,7,REG,CLE,15,25,181,2,0,3,17,-1.771863658,3,-3,0,0,-1.704551885,14.94,5.857142857
Baker Mayfield,TB,5,REG,ATL,19,24,180,3,0,1,7,9.38763799,6,42,0,2,1.628988558,23.4,6.92
Josh Allen,BUF,4,REG,BAL,16,29,180,0,0,3,27,-7.575484683,5,21,0,2,1.577202741,7.3,4.78125
Jalen Hurts,PHI,12,REG,LA,15,22,179,1,0,1,12,7.471461811,12,39,0,4,-0.320759959,15.06,7.260869565
Dak Prescott,DAL,1,REG,CLE,19,32,179,1,0,3,16,-6.667337796,1,3,0,1,0.432151613,11.46,4.657142857
Justin Herbert,LAC,4,REG,KC,16,27,179,1,0,2,10,-2.04998479,3,0,0,1,-1.786517376,11.16,5.827586207
Sam Darnold,MIN,5,REG,NYJ,14,31,179,0,1,4,32,-12.01741568,5,11,0,2,-4.483783823,4.26,4.2
Joe Flacco,IND,9,REG,MIN,16,27,179,0,1,3,20,-8.775372928,2,-1,0,0,-5.894893404,3.06,5.3
Daniel Jones,NYG,2,REG,WAS,16,28,178,2,0,1,3,8.718964156,5,32,0,1,1.215678925,18.32,6.034482759
Drew Lock,NYG,13,REG,DAL,21,32,178,0,1,6,47,-20.77091952,4,57,1,3,5.638609166,14.82,3.447368421
Trevor Lawrence,JAX,3,REG,BUF,21,38,178,1,1,4,36,-16.0831056,2,3,0,1,0.61354726,9.42,3.380952381
Dak Prescott,DAL,6,REG,DET,17,33,178,0,2,4,26,-19.51792664,1,1,0,0,-0.473601843,3.22,4.108108108
Lamar Jackson,BAL,12,REG,LAC,16,22,177,2,0,1,0,9.070395735,8,15,1,1,-2.955849911,22.58,7.695652174
Patrick Mahomes,KC,20,POST,HOU,16,25,177,1,0,3,15,-0.542987933,7,14,0,1,2.240928825,12.48,5.785714286
Aaron Rodgers,NYJ,2,REG,TEN,18,30,176,2,0,2,12,1.653768947,2,1,0,0,-0.327141073,15.14,5.125
Deshaun Watson,CLE,4,REG,LV,24,32,176,1,1,3,27,-6.92235082,8,32,0,1,-1.425914629,12.24,4.257142857
Lamar Jackson,BAL,19,POST,PIT,16,21,175,2,0,1,10,9.446766507,15,81,0,5,1.660754775,23.1,7.5
Will Levis,TEN,10,REG,LAC,18,23,175,2,0,7,18,1.363517805,5,41,0,4,4.901701619,19.1,5.233333333
Will Levis,TEN,18,REG,HOU,9,17,175,1,0,1,8,3.672940896,4,8,0,0,-12.20583086,11.8,9.277777778
Anthony Richardson,IND,8,REG,HOU,10,32,175,1,1,5,35,-8.09227265,6,45,0,3,2.99340509,11.5,3.783783784
Daniel Jones,NYG,9,REG,WAS,20,26,174,2,0,2,12,-0.074012519,7,54,1,6,7.252399135,24.36,5.785714286
Mac Jones,JAX,17,REG,TEN,15,22,174,2,0,2,1,7.608072874,6,22,0,4,3.823416392,17.16,7.208333333
Caleb Williams,CHI,2,REG,HOU,23,37,174,0,2,7,40,-21.56136448,5,44,0,1,1.631900828,7.36,3.045454545
Kirk Cousins,ATL,11,REG,DEN,18,27,173,0,1,3,21,-7.255009045,1,0,0,0,-1.420024028,4.92,5.066666667
Anthony Richardson,IND,15,REG,DEN,17,38,172,0,2,2,11,-15.75578245,7,46,1,2,1.161394695,13.38,4.025
Anthony Richardson,IND,12,REG,DET,11,28,172,0,0,0,0,-2.59162711,10,61,0,3,-0.858107683,12.98,6.142857143
Spencer Rattler,NO,7,REG,DEN,25,35,172,0,0,6,36,-28.09436148,5,34,0,2,3.50535857,6.28,3.317073171
Geno Smith,SEA,1,REG,DEN,18,25,171,1,1,2,13,-4.792696222,4,30,1,1,3.420375559,17.84,5.851851852
Bryce Young,CAR,9,REG,NO,16,26,171,1,1,1,5,0.387996904,4,9,0,1,0.121419178,9.74,6.148148148
Bailey Zappe,CLE,18,REG,BAL,16,31,170,1,2,1,5,-16.84880541,2,2,0,0,-0.289851197,7,5.15625
Dorian Thompson-Robinson,CLE,17,REG,MIA,24,47,170,0,1,1,8,-25.16163846,4,10,0,2,0.121330861,3.8,3.375
Trevor Lawrence,JAX,9,REG,PHI,16,31,169,0,2,2,14,-10.89126807,5,8,2,2,0.676516002,19.56,4.696969697
Trevor Lawrence,JAX,4,REG,HOU,18,33,169,2,0,1,14,-1.380535919,3,5,0,0,-4.240821883,15.26,4.558823529
Deshaun Watson,CLE,1,REG,DAL,24,45,169,1,2,6,32,-23.11565648,5,39,0,2,3.49728138,10.66,2.68627451
Lamar Jackson,BAL,17,REG,HOU,10,15,168,2,0,1,3,8.43263728,4,87,1,3,9.174209153,29.42,10.3125
Joe Flacco,IND,4,REG,PIT,16,26,168,2,0,2,14,7.757926788,2,3,0,0,-3.019413396,15.02,5.5
Deshaun Watson,CLE,6,REG,PHI,16,23,168,0,0,5,24,1.515985072,4,17,0,1,0.75032367,8.42,5.142857143
Jacoby Brissett,NE,4,REG,SF,19,32,168,1,1,6,25,-15.76836074,2,3,0,1,-0.327496894,7.02,3.763157895
Will Levis,TEN,14,REG,JAX,19,32,168,0,0,2,22,-10.75772617,1,3,0,1,0.462203736,7.02,4.294117647
Aaron Rodgers,NYJ,1,REG,SF,13,21,167,1,1,1,5,3.258282798,1,-1,0,0,0,8.58,7.363636364
Anthony Richardson,IND,3,REG,CHI,10,20,167,0,2,1,11,-10.29302442,8,24,0,1,0.772095517,5.08,7.428571429
Sam Darnold,MIN,18,REG,DET,18,41,166,0,0,2,24,-24.81225374,3,10,0,1,0.821430274,7.64,3.302325581
Derek Carr,NO,5,REG,KC,18,28,165,2,1,1,8,-0.035403915,0,0,0,0,,12.6,5.413793103
Justin Herbert,LAC,10,REG,TEN,14,18,164,1,0,0,0,9.668904587,9,32,1,4,0.575335836,19.76,9.111111111
Bo Nix,DEN,7,REG,NO,16,26,164,0,0,0,0,1.163744296,10,75,0,4,3.022452574,14.06,6.307692308
Joe Burrow,CIN,1,REG,NE,21,29,164,0,0,3,10,-4.170614778,4,15,0,1,0.042172001,8.06,4.8125
Jordan Love,GB,12,REG,SF,13,23,163,2,0,2,7,6.631264539,1,2,0,1,1.640938968,14.72,6.24
Baker Mayfield,TB,3,REG,DEN,25,33,163,1,1,7,31,-18.2820712,0,0,0,0,,8.52,3.3
Kyler Murray,ARI,1,REG,BUF,21,31,162,1,0,4,16,-1.184849735,5,57,0,3,7.942932809,14.18,4.171428571
Trevor Lawrence,JAX,1,REG,MIA,12,21,162,1,0,3,23,1.706550487,1,8,0,1,0.994154683,11.28,5.791666667
Marcus Mariota,WAS,18,REG,DAL,15,18,161,2,0,2,25,11.28235595,5,56,1,3,4.454478212,26.04,6.8
Bryce Young,CAR,1,REG,NO,13,30,161,0,2,4,26,-17.8462707,4,12,1,1,3.252914563,9.64,3.970588235
Geno Smith,SEA,17,REG,CHI,17,23,160,0,0,3,17,-4.183873518,3,19,0,1,2.117085504,8.3,5.5
Matthew Stafford,LA,15,REG,SF,16,27,160,0,0,0,0,-5.896531199,4,18,0,3,2.940427892,8.2,5.925925926
Jacoby Brissett,NE,5,REG,MIA,18,34,160,0,0,2,12,-8.808105015,1,10,0,0,1.017777501,7.4,4.111111111
Brock Purdy,SF,11,REG,SEA,21,28,159,1,1,2,13,0.767017844,5,40,1,3,4.637245022,18.36,4.866666667
Patrick Mahomes,KC,15,REG,CLE,19,38,159,2,0,0,0,-4.491240243,2,14,0,1,1.660212247,15.76,4.184210526
Bryce Young,CAR,16,REG,ARI,17,26,158,2,0,3,9,1.089857244,5,68,1,3,6.043137003,27.12,5.137931034
Jalen Hurts,PHI,4,REG,TB,18,30,158,1,0,6,44,-10.59236396,8,20,1,6,4.06321556,16.32,3.166666667
Russell Wilson,PIT,14,REG,CLE,15,26,158,2,0,1,11,-0.560810979,6,17,0,3,-3.065852523,16.02,5.444444444
Caleb Williams,CHI,4,REG,LA,17,23,157,1,0,3,24,2.08351519,5,12,0,1,-3.256357698,11.48,5.115384615
Dorian Thompson-Robinson,CLE,16,REG,CIN,20,34,157,0,2,5,32,-17.84603052,9,49,0,3,2.181075567,7.18,3.205128205
Lamar Jackson,BAL,4,REG,BUF,13,18,156,2,0,1,1,9.182408976,6,54,1,2,0.075757193,23.64,8.157894737
Justin Fields,PIT,1,REG,ATL,17,23,156,0,0,2,23,-1.352276713,14,57,0,5,-0.53492963,11.94,5.32
Spencer Rattler,NO,8,REG,LAC,12,24,156,0,0,3,16,-5.947728379,0,0,0,0,,6.24,5.185185185
Kirk Cousins,ATL,1,REG,PIT,16,26,155,1,2,2,18,-11.08485261,1,0,0,0,-5.980316993,6.2,4.892857143
Patrick Mahomes,KC,7,REG,SF,16,27,154,0,2,2,9,-5.723242368,5,39,1,3,4.268935516,12.06,5
Josh Allen,BUF,16,REG,NE,16,29,154,1,1,1,2,1.528761984,6,30,0,3,-0.330783629,11.16,5.066666667
Kyler Murray,ARI,9,REG,CHI,13,20,154,0,0,3,17,-1.32383255,2,6,0,1,-2.637486252,4.76,5.956521739
Matthew Stafford,LA,7,REG,LV,14,23,154,0,1,1,10,-7.252890683,2,-2,0,0,-2.254465125,3.96,6
Gardner Minshew,LV,7,REG,LA,15,34,154,0,3,2,11,-23.16512447,1,2,0,1,-0.100357306,-1.64,3.972222222
Spencer Rattler,NO,16,REG,GB,15,30,153,0,1,3,24,-17.42324051,5,28,0,1,1.741693261,4.92,3.909090909
Patrick Mahomes,KC,2,REG,CIN,18,25,151,2,2,2,14,-8.721457254,4,29,0,1,1.77772,12.94,5.074074074
Aaron Rodgers,NYJ,10,REG,ARI,22,35,151,0,0,3,23,-10.89334806,0,0,0,0,,4.04,3.368421053
Jacoby Brissett,NE,2,REG,SEA,15,27,149,1,0,3,24,-0.17010633,2,6,0,0,0.955633319,10.56,4.166666667
Geno Smith,SEA,15,REG,GB,15,19,149,0,1,3,24,-5.205535544,1,5,0,1,1.279621411,4.46,5.681818182
Josh Allen,BUF,13,REG,SF,13,17,148,2,0,0,0,7.45933077,3,18,1,3,4.522235008,21.72,8.705882353
Russell Wilson,PIT,18,REG,CIN,17,31,148,1,0,4,29,-5.404655772,4,16,0,2,0.566851745,11.52,3.4
Caleb Williams,CHI,18,REG,GB,21,29,148,1,0,1,7,4.353223583,3,10,0,1,-0.477213735,10.92,4.7
Justin Herbert,LAC,13,REG,ATL,16,23,147,0,0,5,19,-6.251224683,5,1,0,2,0.810759882,7.98,4.571428571
Cooper Rush,DAL,17,REG,PHI,15,28,147,1,2,1,7,-8.822914613,1,2,0,1,0.436667959,6.08,4.827586207
Jameis Winston,CLE,15,REG,KC,16,25,146,0,3,5,37,-20.19763108,2,-2,0,0,-1.138800997,-0.36,3.633333333
Justin Fields,PIT,6,REG,LV,14,24,145,0,0,3,35,0.514331762,11,59,2,4,3.931138191,23.7,4.074074074
Kyler Murray,ARI,7,REG,LAC,14,26,145,1,1,0,0,-0.342084507,6,64,1,2,3.2812662,20.2,5.576923077
Jared Goff,DET,9,REG,GB,18,22,145,1,0,1,8,5.942980538,3,-2,0,0,-3.687421535,9.6,5.956521739
Tua Tagovailoa,MIA,2,REG,BUF,17,25,145,1,3,1,6,-10.66723145,2,17,0,2,3.716449327,5.5,5.346153846
Bo Nix,DEN,19,POST,BUF,13,22,144,1,0,2,14,-7.437494958,4,43,0,4,2.35898284,14.06,5.416666667
Justin Herbert,LAC,1,REG,LV,17,26,144,1,0,1,4,-4.875879753,4,6,0,0,-0.517829246,10.36,5.185185185
Kenny Pickett,PHI,17,REG,DAL,10,15,143,1,0,0,0,7.040618782,3,3,1,2,3.736880303,16.02,9.533333333
Kenny Pickett,PHI,16,REG,WAS,14,24,143,1,1,3,25,-0.607674211,3,13,0,0,-0.36483975,9.02,4.37037037
Kyler Murray,ARI,4,REG,WAS,16,22,142,1,0,4,27,-0.433252623,1,3,0,0,-0.253483884,9.98,4.423076923
Derek Carr,NO,3,REG,PHI,14,25,142,1,1,1,12,1.531549674,2,3,0,0,-0.130714951,7.98,5
Brock Purdy,SF,15,REG,LA,14,31,142,0,1,3,14,-10.56654485,1,3,0,1,0.576556801,3.98,3.764705882
Josh Allen,BUF,2,REG,MIA,13,19,139,1,0,0,0,11.15141288,2,2,0,0,-0.327735845,9.76,7.315789474
Bo Nix,DEN,1,REG,SEA,26,42,138,0,2,2,6,-18.27770508,5,35,1,3,3.289678382,11.02,3
Drew Lock,NYG,18,REG,PHI,22,29,138,1,1,0,0,-8.675329102,2,3,0,1,0.272528716,7.82,4.75862069
Mac Jones,JAX,11,REG,DET,17,29,138,0,1,1,9,-11.86847911,2,7,0,1,0.46307103,4.22,4.3
Gardner Minshew,LV,5,REG,DEN,12,17,137,1,2,2,9,-10.35655636,2,22,0,2,4.498033996,7.68,6.736842105
Andy Dalton,CAR,5,REG,CHI,18,28,136,0,1,3,20,-12.50287078,1,3,0,0,-0.630409689,3.74,3.741935484
Malik Willis,GB,18,REG,CHI,10,13,136,0,0,3,21,-1.814736708,1,3,0,0,-0.09325531,3.74,7.1875
Spencer Rattler,NO,15,REG,WAS,10,21,135,1,0,0,0,7.235206324,0,0,0,0,,9.4,6.428571429
Caleb Williams,CHI,14,REG,SF,17,23,134,2,0,7,46,-6.57540023,4,27,0,1,1.481839052,14.06,2.933333333
Dak Prescott,DAL,9,REG,ATL,18,24,133,1,0,3,7,-3.453437431,3,30,0,2,1.848528119,12.32,4.666666667
Jacoby Brissett,NE,8,REG,NYJ,15,24,132,0,0,1,11,1.694706353,3,11,0,1,-0.6605126,8.38,4.84
Anthony Richardson,IND,16,REG,TEN,7,11,131,1,1,1,8,2.424384397,9,70,1,4,4.370066221,20.24,10.25
Jalen Hurts,PHI,19,POST,GB,13,21,131,2,0,2,10,0.531842703,6,36,0,2,2.850557028,16.84,5.260869565
Justin Fields,PIT,5,REG,DAL,15,27,131,2,0,3,16,-3.471511215,6,27,0,2,4.802804093,15.94,3.833333333
Josh Allen,BUF,5,REG,HOU,9,30,131,1,0,1,5,-5.131946197,4,54,0,3,6.590533657,14.64,4.064516129
C.J. Stroud,HOU,15,REG,MIA,18,26,131,2,0,4,27,-6.68822988,6,4,0,1,-5.04129877,11.64,3.466666667
Caleb Williams,CHI,8,REG,WAS,10,24,131,0,0,3,26,-9.337721264,9,47,0,2,-4.775202114,9.94,3.888888889
Bo Nix,DEN,15,REG,IND,20,33,130,3,3,1,9,-14.8256102,8,23,0,4,2.723892662,13.5,3.558823529
Justin Herbert,LAC,2,REG,CAR,14,20,130,2,1,1,0,1.433651282,6,18,0,1,-0.781628263,11,6.19047619
Gardner Minshew,LV,4,REG,CLE,14,24,130,0,0,2,14,-3.775178224,2,-2,0,0,0,5,4.461538462
Anthony Richardson,IND,7,REG,MIA,10,24,129,0,0,0,0,-5.329296179,14,56,0,3,-6.572575563,8.76,5.375
Jalen Hurts,PHI,20,POST,LA,15,20,128,0,0,7,63,-4.764904062,7,70,1,2,4.169812173,18.12,2.407407407
Russell Wilson,PIT,15,REG,PHI,14,22,128,1,0,2,21,-5.863179269,4,13,0,2,-3.919292053,8.42,4.458333333
Davis Mills,HOU,18,REG,TEN,12,22,128,0,0,1,11,-3.762977972,3,11,0,1,-1.139702027,6.22,5.086956522
Deshaun Watson,CLE,7,REG,CIN,15,17,128,0,0,2,13,0.326011876,2,0,0,1,-0.552301093,5.12,6.052631579
Josh Allen,BUF,20,POST,BAL,16,22,127,0,0,1,1,-1.731059866,10,20,2,4,1.144361327,19.08,5.47826087
Will Levis,TEN,1,REG,CHI,19,32,127,1,2,3,23,-18.17117941,4,36,0,2,2.663767921,6.68,2.971428571
Bryce Young,CAR,10,REG,NYG,15,25,126,1,0,1,8,-2.382727352,2,30,0,1,1.86464456,12.04,4.538461538
Justin Herbert,LAC,3,REG,PIT,12,18,125,1,0,2,16,1.560360406,1,0,0,0,-1.27388802,9,5.45
Deshaun Watson,CLE,5,REG,WAS,15,28,125,1,0,7,33,-15.07219008,3,14,0,0,-1.2091488,8.4,2.628571429
Gardner Minshew,LV,9,REG,CIN,10,17,124,0,0,1,7,0.950495285,1,0,0,0,-6.827158366,2.96,6.5
Tim Boyle,NYG,15,REG,BAL,12,24,123,1,1,1,2,-7.389704616,1,-1,0,0,0,6.82,4.84
Malik Willis,GB,2,REG,IND,12,14,122,1,0,0,0,8.986793862,6,41,0,1,-0.033119379,12.98,8.714285714
Caleb Williams,CHI,17,REG,SEA,16,28,122,0,1,7,46,-10.22574662,5,37,0,1,1.389207353,6.58,2.171428571
Jake Haener,NO,8,REG,LAC,9,17,122,0,0,2,16,-4.720295785,2,10,0,0,-0.683029492,5.88,5.578947368
Jacoby Brissett,NE,1,REG,CIN,15,24,121,0,0,1,1,-1.969379735,7,32,0,3,2.131172085,8.04,4.8
Caleb Williams,CHI,10,REG,NE,16,30,120,0,0,9,51,-22.35746096,2,15,0,2,2.809735525,6.3,1.769230769
Jalen Hurts,PHI,13,REG,BAL,11,19,118,1,0,2,6,-1.567356052,9,29,1,4,3.152104352,17.62,5.333333333
Justin Fields,PIT,2,REG,DEN,13,20,117,1,0,2,7,2.209675965,8,27,0,1,-3.631915875,11.38,5
Drake Maye,NE,17,REG,LAC,12,22,117,1,0,4,30,-15.04043167,6,32,0,1,-3.612937616,9.88,3.346153846
Baker Mayfield,TB,10,REG,SF,18,29,116,1,0,2,11,-1.520733966,3,3,0,0,-2.577914413,8.94,3.387096774
Cooper Rush,DAL,9,REG,ATL,13,25,115,1,0,0,0,0.37638477,1,4,0,1,0.75750965,11,4.6
Jalen Hurts,PHI,7,REG,NYG,10,14,114,1,0,4,36,-2.072720995,7,22,2,4,7.531084151,22.76,4.333333333
Kirk Cousins,ATL,15,REG,LV,11,17,112,1,1,3,19,-7.511997887,3,0,0,0,-2.396108416,6.48,4.65
Aaron Rodgers,NYJ,17,REG,BUF,12,18,112,0,2,4,26,-15.62554799,0,0,0,0,,0.48,3.909090909
Mac Jones,JAX,10,REG,MIN,14,22,111,0,2,3,24,-8.997734661,5,8,1,2,-2.62488295,5.24,3.48
Matthew Stafford,LA,16,REG,NYJ,14,19,110,1,1,0,0,3.186779631,3,-4,0,0,-3.816710912,6,5.789473684
Anthony Richardson,IND,13,REG,NE,12,24,109,2,2,0,0,-1.422615261,9,48,1,5,4.733665,21.16,4.541666667
Jalen Hurts,PHI,14,REG,CAR,14,21,108,2,0,4,25,-1.794764114,8,59,1,4,2.554693776,24.22,3.32
Skylar Thompson,MIA,3,REG,SEA,13,19,107,0,0,5,37,-9.774416791,0,0,0,0,,4.28,2.916666667
Aidan O'Connell,LV,14,REG,TB,11,19,104,0,1,1,10,-7.580805402,6,6,1,3,-4.25383972,6.76,4.7
Mitchell Trubisky,BUF,18,REG,NE,15,21,101,1,0,0,0,4.54034238,4,12,0,1,-3.969498781,9.24,4.80952381
Desmond Ridder,LV,14,REG,TB,12,18,101,0,0,1,0,0.991234028,2,3,0,0,-1.451683266,4.34,5.315789474
Daniel Jones,NYG,7,REG,PHI,14,21,99,0,0,7,56,-15.50885828,5,20,0,1,-0.582884124,5.96,1.535714286
Carson Wentz,KC,18,REG,DEN,10,17,98,0,0,4,22,-8.784857588,0,0,0,0,,3.92,3.619047619
Jacoby Brissett,NE,3,REG,NYJ,12,18,98,0,0,5,46,-10.96536202,0,0,0,0,,3.92,2.260869565
Tyler Huntley,MIA,4,REG,TEN,14,22,96,0,0,2,18,-10.81569284,8,40,1,3,-3.505743613,11.84,3.25
Will Levis,TEN,6,REG,IND,16,27,95,1,1,0,0,-5.684862376,3,15,0,1,-0.016061321,7.3,3.518518519
Brock Purdy,SF,13,REG,BUF,11,18,94,0,0,2,8,-6.686323506,2,4,0,0,-1.087477473,2.16,4.3
Aidan O'Connell,LV,5,REG,DEN,10,20,94,0,1,1,7,-5.343939676,0,0,0,0,,1.76,4.142857143
Caleb Williams,CHI,1,REG,TEN,14,29,93,0,0,2,29,-13.19970419,5,15,0,1,1.081079969,7.22,2.064516129
Andy Dalton,CAR,7,REG,WAS,11,16,93,0,2,2,4,-16.46604927,2,3,0,0,0.006320308,0.02,4.944444444
Will Levis,TEN,15,REG,CIN,8,12,89,0,3,1,7,-12.2998171,2,0,0,1,-3.139258862,-4.44,6.307692308
Tyler Huntley,MIA,7,REG,IND,7,13,87,1,0,2,12,-2.910168591,5,20,0,2,0.648665235,9.48,5
C.J. Stroud,HOU,7,REG,GB,10,21,86,0,0,4,31,-11.36351556,5,19,0,2,1.029392582,5.34,2.2
Jared Goff,DET,8,REG,TEN,12,15,85,3,0,4,33,-3.549879138,1,1,0,0,-0.033518819,15.5,2.736842105
Mason Rudolph,TEN,4,REG,MIA,9,17,85,0,0,1,8,-3.867345579,0,0,0,0,,3.4,4.277777778
Bryce Young,CAR,2,REG,LAC,18,26,84,0,1,2,15,-22.0533718,1,6,0,0,0.180164242,1.96,2.464285714
Tyrod Taylor,NYJ,17,REG,BUF,11,14,83,2,0,0,0,8.693549575,2,6,0,0,-1.449264202,13.92,5.928571429
Aidan O'Connell,LV,3,REG,CAR,9,12,82,1,0,1,12,5.555142228,0,0,0,0,,7.28,5.384615385
Dorian Thompson-Robinson,CLE,7,REG,CIN,11,24,82,0,2,1,3,-19.31839747,3,44,0,2,4.063585297,3.68,3.16
Skylar Thompson,MIA,2,REG,BUF,8,14,80,0,0,1,7,-5.736608351,1,4,0,0,-2.461017706,3.6,4.866666667
Tim Boyle,MIA,3,REG,SEA,7,13,79,0,0,1,9,-7.548008152,1,6,0,0,0.364876137,3.76,5
Davis Mills,HOU,3,REG,MIN,7,12,79,0,0,1,7,-1.2606541,0,0,0,0,,3.16,5.538461538
Desmond Ridder,LV,9,REG,CIN,11,16,74,1,0,4,34,-10.53820404,1,2,0,0,-0.040627871,5.16,2
Tim Boyle,MIA,7,REG,IND,8,13,74,0,0,0,0,0.449801348,1,4,0,1,0.284499634,3.36,5.692307692
Anthony Richardson,IND,4,REG,PIT,3,4,71,0,0,0,0,4.277928646,3,24,0,2,2.232236922,5.24,17.75
Mason Rudolph,TEN,18,REG,HOU,7,9,70,0,0,1,8,0.528264591,1,5,0,1,2.201386929,3.3,6.2
Mitchell Trubisky,BUF,17,REG,NYJ,1,1,69,1,0,0,0,7.094042853,2,-1,0,0,0,6.66,69
Jordan Love,GB,18,REG,CHI,7,12,69,0,0,0,0,-2.798599569,0,0,0,0,,2.76,5.75
Tommy DeVito,NYG,15,REG,BAL,10,13,68,0,0,2,8,-1.72798898,1,0,0,0,-3.458175636,2.72,4
Jameis Winston,CLE,7,REG,CIN,5,11,67,1,0,1,2,5.97815019,0,0,0,0,,8.68,5.416666667
Desmond Ridder,LV,12,REG,DEN,5,10,64,0,0,2,16,-5.315821816,1,3,0,0,-0.417144139,0.86,4
Bo Nix,DEN,4,REG,NYJ,12,25,60,1,0,0,0,-12.9650779,5,3,0,0,-1.587765143,6.7,2.4
Bryce Young,CAR,5,REG,CHI,4,7,58,0,0,1,2,-0.356128446,1,8,0,0,-0.324848043,3.12,7
Malik Willis,GB,8,REG,JAX,4,5,56,1,0,1,0,3.155872286,4,23,0,1,-1.475772964,8.54,9.333333333
Tanner McKee,PHI,17,REG,DAL,3,4,54,2,0,0,0,7.160986815,2,-2,0,0,0,9.96,13.5
Aidan O'Connell,LV,7,REG,LA,6,10,52,0,0,0,0,-1.13138372,0,0,0,0,,2.08,5.2
C.J. Stroud,HOU,18,REG,TEN,6,6,50,1,0,0,0,5.27787964,0,0,0,0,,6,8.333333333
Jake Haener,NO,15,REG,WAS,4,10,49,0,1,3,29,-9.442515249,1,7,0,0,-1.006177197,0.66,1.538461538
Cooper Rush,DAL,6,REG,DET,8,11,46,0,1,0,0,-3.496341216,1,2,0,1,0.372109295,0.04,4.181818182
Cooper Rush,DAL,10,REG,PHI,13,23,45,0,0,1,10,-16.95471365,2,2,0,1,-4.03580077,-2,1.458333333
Trevor Lawrence,JAX,13,REG,HOU,4,10,41,0,1,0,0,-5.041943465,1,6,0,0,0.552035108,0.24,4.1
Jake Haener,NO,7,REG,DEN,3,4,38,1,0,0,0,3.728103827,0,0,0,0,,5.52,9.5
Jayden Daniels,WAS,18,REG,DAL,6,12,38,0,0,4,18,-11.41375185,4,27,0,2,2.877966211,4.22,1.25
Hendon Hooker,DET,11,REG,JAX,3,4,37,0,0,0,0,3.623322121,4,3,0,1,-2.995767606,1.78,9.25
Tyrod Taylor,NYJ,1,REG,SF,6,8,36,1,0,0,0,3.210536553,1,7,0,0,0.772778237,6.14,4.5
Joshua Dobbs,SF,17,REG,DET,3,4,35,0,0,0,0,2.775570366,1,7,1,1,2.345783757,8.1,8.75
Malik Willis,GB,16,REG,NO,1,2,34,0,0,0,0,2.835471277,3,-2,0,0,-2.760700371,1.16,17
Mike White,BUF,18,REG,NE,3,11,28,0,0,0,0,-7.152866299,0,0,0,0,,1.12,2.545454545
Will Levis,TEN,4,REG,MIA,3,4,25,0,1,0,0,-3.084776717,2,5,0,1,-0.562447467,-0.5,6.25
Taylor Heinicke,LAC,3,REG,PIT,2,2,24,0,0,3,28,-3.607958484,0,0,0,0,,0.96,-0.8
Nick Mullens,MIN,5,REG,NYJ,1,1,24,0,0,0,0,2.59322251,0,0,0,0,,0.96,24
Michael Penix,ATL,11,REG,DEN,2,4,24,0,0,1,0,1.804633815,0,0,0,0,,0.96,4.8
Sam Howell,SEA,15,REG,GB,5,14,24,0,1,4,21,-15.57291831,1,2,0,0,-0.707496352,-0.84,0.166666667
Drake Maye,NE,8,REG,NYJ,3,6,23,0,0,1,8,-2.805821255,3,46,1,3,4.409649715,11.52,2.142857143
Drake Maye,NE,3,REG,NYJ,4,8,22,0,0,2,13,-5.410988618,2,12,0,1,1.053983361,2.08,0.9
Mac Jones,JAX,3,REG,BUF,5,8,22,0,0,1,17,-10.05273532,0,0,0,0,,-1.12,0.555555556
Trey Lance,DAL,10,REG,PHI,4,6,21,0,1,2,7,-5.342377726,3,17,0,2,0.72823461,0.54,1.75
Carson Wentz,KC,15,REG,CLE,2,2,20,0,0,0,0,2.029109374,3,0,0,0,-3.542609064,0.8,10
Kyle Allen,PIT,5,REG,DAL,1,1,19,0,0,0,0,1.432552936,0,0,0,0,,0.76,19
Hendon Hooker,DET,6,REG,DAL,1,2,19,0,0,1,9,-3.353118129,1,-1,0,0,0,0.66,3.333333333
Dorian Thompson-Robinson,CLE,15,REG,KC,4,9,18,0,1,0,0,-7.471041835,3,16,0,2,0.716095659,0.32,2
Jake Haener,NO,5,REG,KC,2,7,17,0,0,0,0,-2.620913652,2,11,0,0,0.132915458,1.78,2.428571429
Josh Johnson,BAL,17,REG,HOU,1,2,16,0,0,0,0,0.775252664,0,0,0,0,,0.64,8
Jameis Winston,CLE,5,REG,WAS,1,1,16,0,0,0,0,0.807456494,1,-3,0,0,-0.59885941,0.34,16
Nick Mullens,MIN,12,REG,CHI,1,1,14,0,0,0,0,2.275503113,0,0,0,0,,0.56,14
Michael Penix,ATL,7,REG,SEA,1,1,14,0,0,0,0,1.376816658,0,0,0,0,,0.56,14
Dorian Thompson-Robinson,CLE,18,REG,BAL,2,3,13,0,0,1,4,-0.867599447,2,3,0,0,-1.090689831,0.82,2.25
Jalen Hurts,PHI,16,REG,WAS,1,4,11,0,0,0,0,-2.078245431,3,41,0,1,4.359867402,4.54,2.75
Desmond Ridder,LV,18,REG,LAC,1,2,11,0,0,0,0,0.29725856,0,0,0,0,,0.44,5.5
Clayton Tune,ARI,15,REG,NE,2,2,8,0,0,0,0,-1.128018678,1,-1,0,0,-1.89173326,0.22,4
Jayden Daniels,WAS,7,REG,CAR,2,2,6,0,0,0,0,-1.239995946,3,50,0,1,1.964500404,5.24,3
Drew Lock,NYG,7,REG,PHI,3,8,6,0,0,1,6,-7.037273599,1,13,0,1,1.292052742,1.54,0
Cooper Rush,DAL,2,REG,NO,1,3,6,0,0,0,0,-1.985658437,0,0,0,0,,0.24,2
Mac Jones,JAX,6,REG,CHI,1,1,6,0,0,1,10,-1.507740743,0,0,0,0,,0.24,-2
Tyson Bagent,CHI,14,REG,SF,1,1,6,0,0,0,0,0.391048676,0,0,0,0,,0.24,6
Hendon Hooker,DET,8,REG,TEN,2,3,6,0,0,0,0,-2.347091558,0,0,0,0,,0.24,2
Kenny Pickett,PHI,10,REG,DAL,1,2,5,0,0,0,0,-1.319913707,1,1,0,1,-1.644243829,0.3,2.5
Davis Mills,HOU,17,REG,BAL,1,1,5,0,0,0,0,0.57917058,0,0,0,0,,0.2,5
Kyle Trask,TB,13,REG,CAR,1,1,5,0,0,0,0,0.297810939,0,0,0,0,,0.2,5
Tyson Bagent,CHI,15,REG,MIN,1,1,5,0,0,0,0,-0.072181175,0,0,0,0,,0.2,5
Taylor Heinicke,LAC,15,REG,TB,1,1,4,0,0,0,0,-0.289283246,0,0,0,0,,0.16,4
Mitchell Trubisky,BUF,13,REG,SF,1,1,4,0,0,0,0,-0.140397598,4,-3,0,0,-4.41929008,-0.14,4
Teddy Bridgewater,DET,20,POST,WAS,1,1,3,0,0,0,0,-0.131951792,0,0,0,0,,0.12,3
Drew Lock,NYG,12,REG,TB,1,1,3,0,0,0,0,-0.27051148,0,0,0,0,,0.12,3
Mitchell Trubisky,BUF,3,REG,JAX,1,1,3,0,0,0,0,-1.034331234,1,-1,0,0,0,0.02,3
Mitchell Trubisky,BUF,4,REG,BAL,1,2,2,0,0,0,0,-0.743146159,0,0,0,0,,0.08,1
Trey Lance,DAL,17,REG,PHI,1,1,1,0,0,0,0,-0.463306169,1,1,0,0,-0.387047248,0.14,1
Josh Johnson,BAL,4,REG,BUF,1,1,1,0,0,0,0,-1.405656186,0,0,0,0,,0.04,1
Justin Fields,PIT,12,REG,CLE,0,1,0,0,0,0,0,-1.119850268,3,26,0,1,-1.33341587,2.6,0
Justin Fields,PIT,11,REG,BAL,0,0,0,0,0,0,0,,2,17,0,0,0.67079746,1.7,#DIV/0!
Taylor Heinicke,LAC,14,REG,KC,0,0,0,0,0,0,0,,1,12,0,0,-0.16525775,1.2,#DIV/0!
Taylor Heinicke,LAC,17,REG,NE,0,2,0,0,0,0,0,-2.058357857,1,8,0,1,0.613614567,0.8,0
Justin Fields,PIT,15,REG,PHI,0,0,0,0,0,0,0,,1,8,0,0,1.365449803,0.8,#DIV/0!
Jarrett Stidham,DEN,18,REG,KC,0,0,0,0,0,0,0,,2,7,0,1,1.307115309,0.7,#DIV/0!
Justin Fields,PIT,13,REG,CIN,0,0,0,0,0,0,0,,1,7,0,1,0.984905558,0.7,#DIV/0!
Chris Oladokun,KC,18,REG,DEN,0,0,0,0,0,1,5,-1.389832659,1,5,0,0,-0.555109045,0.5,-5
Jameis Winston,CLE,2,REG,JAX,0,0,0,0,0,0,0,,2,4,0,2,3.814107398,0.4,#DIV/0!
Josh Johnson,BAL,9,REG,DEN,0,0,0,0,0,0,0,,3,2,0,0,0.158713235,0.2,#DIV/0!
Marcus Mariota,WAS,19,POST,TB,0,0,0,0,0,0,0,,1,2,0,1,0.462981215,0.2,#DIV/0!
Clayton Tune,ARI,7,REG,LAC,0,0,0,0,0,0,0,,3,2,0,1,-4.84051883,0.2,#DIV/0!
Clayton Tune,ARI,18,REG,SF,0,0,0,0,0,0,0,,1,2,0,1,2.036915162,0.2,#DIV/0!
Jameis Winston,CLE,3,REG,NYG,0,0,0,0,0,0,0,,2,1,0,1,-0.6804077,0.1,#DIV/0!
Andy Dalton,CAR,1,REG,NO,0,1,0,0,0,0,0,-0.621023823,0,0,0,0,,0,0
Nick Mullens,MIN,3,REG,HOU,0,0,0,0,0,0,0,,1,0,0,0,0,0,#DIV/0!
Davis Mills,HOU,6,REG,NE,0,1,0,0,0,0,0,-0.768178035,0,0,0,0,,0,0
Justin Fields,PIT,19,POST,BAL,0,1,0,0,0,0,0,-0.470344614,0,0,0,0,,0,0
Kenny Pickett,PHI,7,REG,NYG,0,1,0,0,0,1,8,-1.675819731,0,0,0,0,,0,-4
Malik Willis,GB,1,REG,PHI,0,1,0,0,0,1,4,-0.437543491,0,0,0,0,,0,-2
Dorian Thompson-Robinson,CLE,11,REG,NO,0,1,0,0,0,0,0,-0.476439243,0,0,0,0,,0,0
Jake Haener,NO,1,REG,CAR,0,1,0,0,0,0,0,-0.553639881,0,0,0,0,,0,0
Drake Maye,NE,18,REG,BUF,0,1,0,0,0,1,9,-2.713536485,0,0,0,0,,0,-4.5
Josh Johnson,BAL,15,REG,NYG,0,0,0,0,0,1,5,-1.179331989,1,-1,0,0,-3.721544545,-0.1,-5
Marcus Mariota,WAS,20,POST,DET,0,0,0,0,0,0,0,,1,-1,0,0,-4.52230384,-0.1,#DIV/0!
Brandon Allen,SF,1,REG,NYJ,0,0,0,0,0,0,0,,1,-1,0,0,0,-0.1,#DIV/0!
Cooper Rush,DAL,1,REG,CLE,0,0,0,0,0,0,0,,1,-1,0,0,0,-0.1,#DIV/0!
Mitchell Trubisky,BUF,10,REG,IND,0,0,0,0,0,0,0,,1,-1,0,0,0,-0.1,#DIV/0!
Jake Browning,CIN,9,REG,LV,0,0,0,0,0,0,0,,1,-1,0,0,0,-0.1,#DIV/0!
Jake Browning,CIN,16,REG,CLE,0,0,0,0,0,0,0,,1,-1,0,0,-1.65984879,-0.1,#DIV/0!
Clayton Tune,ARI,10,REG,NYJ,0,0,0,0,0,0,0,,1,-1,0,0,0,-0.1,#DIV/0!
Jake Haener,NO,14,REG,NYG,0,0,0,0,0,1,10,-1.339218414,1,-1,0,0,0,-0.1,-10
Nick Mullens,MIN,14,REG,ATL,0,0,0,0,0,0,0,,2,-2,0,0,0,-0.2,#DIV/0!
Mitchell Trubisky,BUF,2,REG,MIA,0,0,0,0,0,0,0,,2,-2,0,0,0,-0.2,#DIV/0!
Jarrett Stidham,DEN,7,REG,NO,0,0,0,0,0,0,0,,2,-2,0,0,-3.36790058,-0.2,#DIV/0!
Kyle Trask,TB,1,REG,WAS,0,0,0,0,0,0,0,,2,-2,0,0,-1.949218238,-0.2,#DIV/0!
Kyle Trask,TB,17,REG,CAR,0,0,0,0,0,0,0,,3,-2,0,0,-4.67381534,-0.2,#DIV/0!
Kenny Pickett,PHI,12,REG,LA,0,0,0,0,0,0,0,,2,-2,0,0,0,-0.2,#DIV/0!
Jake Haener,NO,11,REG,CLE,0,0,0,0,0,0,0,,2,-2,0,0,0,-0.2,#DIV/0!
Mitchell Trubisky,BUF,8,REG,SEA,0,0,0,0,0,0,0,,3,-3,0,0,-3.700117327,-0.3,#DIV/0!
Mitchell Trubisky,BUF,19,POST,DEN,0,0,0,0,0,0,0,,3,-3,0,0,-4.054628354,-0.3,#DIV/0!
Trey Lance,DAL,12,REG,WAS,0,0,0,0,0,0,0,,1,-3,0,0,-1.028278506,-0.3,#DIV/0!
Kenny Pickett,PHI,21,POST,WAS,0,0,0,0,0,0,0,,2,-3,0,0,-2.756361692,-0.3,#DIV/0!
Tyson Bagent,CHI,6,REG,JAX,0,0,0,0,0,0,0,,3,-3,0,0,0,-0.3,#DIV/0!
Jake Haener,NO,2,REG,DAL,0,0,0,0,0,0,0,,3,-3,0,0,0,-0.3,#DIV/0!
Kenny Pickett,PHI,22,POST,KC,0,1,0,0,0,0,0,-2.720175084,3,-4,0,0,-1.929206689,-0.4,0
Tyson Bagent,CHI,5,REG,CAR,0,0,0,0,0,0,0,,3,-4,0,0,0,-0.4,#DIV/0!
Brandon Allen,SF,14,REG,CHI,0,1,0,0,1,0,0,-1.686612502,0,0,0,0,,-2,0
Clayton Tune,ARI,2,REG,LA,0,0,0,0,0,0,0,,1,-6,0,0,-5.844287313,-2.6,#DIV/0!
Marcus Mariota,WAS,5,REG,CLE,1,3,-2,0,0,0,0,-3.301094083,2,2,0,0,-1.57974561,0.12,-0.666666667
Jacoby Brissett,NE,17,REG,LAC,1,2,-2,0,0,0,0,-2.181070868,0,0,0,0,,-0.08,-1
Bryce Young,CAR,7,REG,WAS,2,2,-4,0,0,0,0,-1.860079506,0,0,0,0,,-0.16,-2
